Date,Coal_Type,Benchmark,Per _Price
2019-01-07,HCC,GM EXW #5 Jinquan ,1160.0
2019-01-07,HCC,GM EXW #3,0.0
2019-01-07,HCC,Baotou EXW,1092.0
2019-01-07,HCC,Tangshan Hebei FOR,1635.0
2019-01-07,HCC,Jingtang Australia EXW,1670.0
2019-01-07,HCC,Tianjin Australia EXW,1550.0
2019-01-07,SSCC,Tangshan Hebei FOR,1530.0
2019-01-07,SSCC,Wuhai EXW,1041.0
2019-01-07,TC,GM DAP,275.0
2019-01-07,TC,Wuhai EXW,383.0
2019-01-14,HCC,GM EXW #5 Jinquan ,1160.0
2019-01-14,HCC,GM EXW #3,0.0
2019-01-14,HCC,Baotou EXW,1092.0
2019-01-14,HCC,Tangshan Hebei FOR,1635.0
2019-01-14,HCC,Jingtang Australia EXW,1640.0
2019-01-14,HCC,Tianjin Australia EXW,1520.0
2019-01-14,SSCC,Tangshan Hebei FOR,1530.0
2019-01-14,SSCC,Wuhai EXW,1041.0
2019-01-14,TC,GM DAP,275.0
2019-01-14,TC,Wuhai EXW,390.0
2019-01-21,HCC,GM EXW #5 Jinquan ,1160.0
2019-01-21,HCC,GM EXW #3,0.0
2019-01-21,HCC,Baotou EXW,1092.0
2019-01-21,HCC,Tangshan Hebei FOR,1635.0
2019-01-21,HCC,Jingtang Australia EXW,1600.0
2019-01-21,HCC,Tianjin Australia EXW,1480.0
2019-01-21,SSCC,Tangshan Hebei FOR,1530.0
2019-01-21,SSCC,Wuhai EXW,1041.0
2019-01-21,TC,GM DAP,275.0
2019-01-21,TC,Wuhai EXW,401.0
2019-01-28,HCC,GM EXW #5 Jinquan ,1160.0
2019-01-28,HCC,GM EXW #3,0.0
2019-01-28,HCC,Baotou EXW,1069.0
2019-01-28,HCC,Tangshan Hebei FOR,1635.0
2019-01-28,HCC,Jingtang Australia EXW,1600.0
2019-01-28,HCC,Tianjin Australia EXW,1480.0
2019-01-28,SSCC,Tangshan Hebei FOR,1530.0
2019-01-28,SSCC,Wuhai EXW,1020.0
2019-01-28,TC,GM DAP,275.0
2019-01-28,TC,Wuhai EXW,424.0
2019-02-04,HCC,GM EXW #5 Jinquan ,1160.0
2019-02-04,HCC,GM EXW #3,0.0
2019-02-04,HCC,Baotou EXW,1069.0
2019-02-04,HCC,Tangshan Hebei FOR,1635.0
2019-02-04,HCC,Jingtang Australia EXW,1610.0
2019-02-04,HCC,Tianjin Australia EXW,1480.0
2019-02-04,SSCC,Tangshan Hebei FOR,1530.0
2019-02-04,SSCC,Wuhai EXW,1020.0
2019-02-04,TC,GM DAP,265.0
2019-02-04,TC,Wuhai EXW,424.0
2019-02-11,HCC,GM EXW #5 Jinquan ,1160.0
2019-02-11,HCC,GM EXW #3,0.0
2019-02-11,HCC,Baotou EXW,1069.0
2019-02-11,HCC,Tangshan Hebei FOR,1635.0
2019-02-11,HCC,Jingtang Australia EXW,1610.0
2019-02-11,HCC,Tianjin Australia EXW,1480.0
2019-02-11,SSCC,Tangshan Hebei FOR,1530.0
2019-02-11,SSCC,Wuhai EXW,1020.0
2019-02-11,TC,GM DAP,265.0
2019-02-11,TC,Wuhai EXW,424.0
2019-02-18,HCC,GM EXW #5 Jinquan ,1160.0
2019-02-18,HCC,GM EXW #3,0.0
2019-02-18,HCC,Baotou EXW,1069.0
2019-02-18,HCC,Tangshan Hebei FOR,1635.0
2019-02-18,HCC,Jingtang Australia EXW,1640.0
2019-02-18,HCC,Tianjin Australia EXW,1510.0
2019-02-18,SSCC,Tangshan Hebei FOR,1550.0
2019-02-18,SSCC,Wuhai EXW,1020.0
2019-02-18,TC,GM DAP,265.0
2019-02-18,TC,Wuhai EXW,419.0
2019-02-25,HCC,GM EXW #5 Jinquan ,1160.0
2019-02-25,HCC,GM EXW #3,0.0
2019-02-25,HCC,Baotou EXW,1069.0
2019-02-25,HCC,Tangshan Hebei FOR,1635.0
2019-02-25,HCC,Jingtang Australia EXW,1670.0
2019-02-25,HCC,Tianjin Australia EXW,1550.0
2019-02-25,SSCC,Tangshan Hebei FOR,1550.0
2019-02-25,SSCC,Wuhai EXW,1020.0
2019-02-25,TC,GM DAP,265.0
2019-02-25,TC,Wuhai EXW,420.0
2019-03-04,HCC,GM EXW #5 Jinquan ,1210.0
2019-03-04,HCC,GM EXW #3,0.0
2019-03-04,HCC,Baotou EXW,1069.0
2019-03-04,HCC,Tangshan Hebei FOR,1635.0
2019-03-04,HCC,Jingtang Australia EXW,1680.0
2019-03-04,HCC,Tianjin Australia EXW,1550.0
2019-03-04,SSCC,Tangshan Hebei FOR,1550.0
2019-03-04,SSCC,Wuhai EXW,1020.0
2019-03-04,TC,GM DAP,265.0
2019-03-04,TC,Wuhai EXW,454.0
2019-03-11,HCC,GM EXW #5 Jinquan ,1210.0
2019-03-11,HCC,GM EXW #3,0.0
2019-03-11,HCC,Baotou EXW,1092.0
2019-03-11,HCC,Tangshan Hebei FOR,1635.0
2019-03-11,HCC,Jingtang Australia EXW,1680.0
2019-03-11,HCC,Tianjin Australia EXW,1550.0
2019-03-11,SSCC,Tangshan Hebei FOR,1550.0
2019-03-11,SSCC,Wuhai EXW,1041.0
2019-03-11,TC,GM DAP,265.0
2019-03-11,TC,Wuhai EXW,469.0
2019-03-18,HCC,GM EXW #5 Jinquan ,1210.0
2019-03-18,HCC,GM EXW #3,0.0
2019-03-18,HCC,Baotou EXW,1092.0
2019-03-18,HCC,Tangshan Hebei FOR,1635.0
2019-03-18,HCC,Jingtang Australia EXW,1670.0
2019-03-18,HCC,Tianjin Australia EXW,1550.0
2019-03-18,SSCC,Tangshan Hebei FOR,1550.0
2019-03-18,SSCC,Wuhai EXW,1041.0
2019-03-18,TC,GM DAP,265.0
2019-03-18,TC,Wuhai EXW,451.0
2019-03-25,HCC,GM EXW #5 Jinquan ,1210.0
2019-03-25,HCC,GM EXW #3,0.0
2019-03-25,HCC,Baotou EXW,1092.0
2019-03-25,HCC,Tangshan Hebei FOR,1635.0
2019-03-25,HCC,Jingtang Australia EXW,1660.0
2019-03-25,HCC,Tianjin Australia EXW,1550.0
2019-03-25,SSCC,Tangshan Hebei FOR,1550.0
2019-03-25,SSCC,Wuhai EXW,1041.0
2019-03-25,TC,GM DAP,265.0
2019-03-25,TC,Wuhai EXW,437.0
2019-04-01,HCC,GM EXW #5 Jinquan ,1210.0
2019-04-01,HCC,GM EXW #3,0.0
2019-04-01,HCC,Baotou EXW,1092.0
2019-04-01,HCC,Tangshan Hebei FOR,1635.0
2019-04-01,HCC,Jingtang Australia EXW,1650.0
2019-04-01,HCC,Tianjin Australia EXW,1500.0
2019-04-01,SSCC,Tangshan Hebei FOR,1530.0
2019-04-01,SSCC,Wuhai EXW,1041.0
2019-04-01,TC,GM DAP,260.0
2019-04-01,TC,Wuhai EXW,431.0
2019-04-08,HCC,GM EXW #5 Jinquan ,1210.0
2019-04-08,HCC,GM EXW #3,0.0
2019-04-08,HCC,Baotou EXW,1092.0
2019-04-08,HCC,Tangshan Hebei FOR,1615.0
2019-04-08,HCC,Jingtang Australia EXW,1590.0
2019-04-08,HCC,Tianjin Australia EXW,1460.0
2019-04-08,SSCC,Tangshan Hebei FOR,1530.0
2019-04-08,SSCC,Wuhai EXW,1041.0
2019-04-08,TC,GM DAP,260.0
2019-04-08,TC,Wuhai EXW,431.0
2019-04-15,HCC,GM EXW #5 Jinquan ,1190.0
2019-04-15,HCC,GM EXW #3,0.0
2019-04-15,HCC,Baotou EXW,1092.0
2019-04-15,HCC,Tangshan Hebei FOR,1615.0
2019-04-15,HCC,Jingtang Australia EXW,1590.0
2019-04-15,HCC,Tianjin Australia EXW,1480.0
2019-04-15,SSCC,Tangshan Hebei FOR,1470.0
2019-04-15,SSCC,Wuhai EXW,1041.0
2019-04-15,TC,GM DAP,255.0
2019-04-15,TC,Wuhai EXW,431.0
2019-04-22,HCC,GM EXW #5 Jinquan ,1190.0
2019-04-22,HCC,GM EXW #3,0.0
2019-04-22,HCC,Baotou EXW,1092.0
2019-04-22,HCC,Tangshan Hebei FOR,1615.0
2019-04-22,HCC,Jingtang Australia EXW,1610.0
2019-04-22,HCC,Tianjin Australia EXW,1480.0
2019-04-22,SSCC,Tangshan Hebei FOR,1470.0
2019-04-22,SSCC,Wuhai EXW,1041.0
2019-04-22,TC,GM DAP,255.0
2019-04-22,TC,Wuhai EXW,438.0
2019-04-29,HCC,GM EXW #5 Jinquan ,1210.0
2019-04-29,HCC,GM EXW #3,0.0
2019-04-29,HCC,Baotou EXW,1092.0
2019-04-29,HCC,Tangshan Hebei FOR,1615.0
2019-04-29,HCC,Jingtang Australia EXW,1610.0
2019-04-29,HCC,Tianjin Australia EXW,1480.0
2019-04-29,SSCC,Tangshan Hebei FOR,1470.0
2019-04-29,SSCC,Wuhai EXW,1041.0
2019-04-29,TC,GM DAP,255.0
2019-04-29,TC,Wuhai EXW,445.0
2019-05-06,HCC,GM EXW #5 Jinquan ,1210.0
2019-05-06,HCC,GM EXW #3,0.0
2019-05-06,HCC,Baotou EXW,1092.0
2019-05-06,HCC,Tangshan Hebei FOR,1615.0
2019-05-06,HCC,Jingtang Australia EXW,1610.0
2019-05-06,HCC,Tianjin Australia EXW,1480.0
2019-05-06,SSCC,Tangshan Hebei FOR,1490.0
2019-05-06,SSCC,Wuhai EXW,1041.0
2019-05-06,TC,GM DAP,255.0
2019-05-06,TC,Wuhai EXW,449.0
2019-05-13,HCC,GM EXW #5 Jinquan ,1210.0
2019-05-13,HCC,GM EXW #3,0.0
2019-05-13,HCC,Baotou EXW,1092.0
2019-05-13,HCC,Tangshan Hebei FOR,1615.0
2019-05-13,HCC,Jingtang Australia EXW,1620.0
2019-05-13,HCC,Tianjin Australia EXW,1480.0
2019-05-13,SSCC,Tangshan Hebei FOR,1490.0
2019-05-13,SSCC,Wuhai EXW,1041.0
2019-05-13,TC,GM DAP,255.0
2019-05-13,TC,Wuhai EXW,450.0
2019-05-20,HCC,GM EXW #5 Jinquan ,1210.0
2019-05-20,HCC,GM EXW #3,0.0
2019-05-20,HCC,Baotou EXW,1092.0
2019-05-20,HCC,Tangshan Hebei FOR,1615.0
2019-05-20,HCC,Jingtang Australia EXW,1650.0
2019-05-20,HCC,Tianjin Australia EXW,1500.0
2019-05-20,SSCC,Tangshan Hebei FOR,1510.0
2019-05-20,SSCC,Wuhai EXW,1041.0
2019-05-20,TC,GM DAP,255.0
2019-05-20,TC,Wuhai EXW,448.0
2019-05-27,HCC,GM EXW #5 Jinquan ,1210.0
2019-05-27,HCC,GM EXW #3,0.0
2019-05-27,HCC,Baotou EXW,1092.0
2019-05-27,HCC,Tangshan Hebei FOR,1615.0
2019-05-27,HCC,Jingtang Australia EXW,1650.0
2019-05-27,HCC,Tianjin Australia EXW,1500.0
2019-05-27,SSCC,Tangshan Hebei FOR,1510.0
2019-05-27,SSCC,Wuhai EXW,1041.0
2019-05-27,TC,GM DAP,255.0
2019-05-27,TC,Wuhai EXW,441.0
2019-06-03,HCC,GM EXW #5 Jinquan ,1210.0
2019-06-03,HCC,GM EXW #3,0.0
2019-06-03,HCC,Baotou EXW,1092.0
2019-06-03,HCC,Tangshan Hebei FOR,1645.0
2019-06-03,HCC,Jingtang Australia EXW,1650.0
2019-06-03,HCC,Tianjin Australia EXW,1500.0
2019-06-03,SSCC,Tangshan Hebei FOR,1510.0
2019-06-03,SSCC,Wuhai EXW,1041.0
2019-06-03,TC,GM DAP,250.0
2019-06-03,TC,Wuhai EXW,432.0
2019-06-10,HCC,GM EXW #5 Jinquan ,1210.0
2019-06-10,HCC,GM EXW #3,0.0
2019-06-10,HCC,Baotou EXW,1092.0
2019-06-10,HCC,Tangshan Hebei FOR,1645.0
2019-06-10,HCC,Jingtang Australia EXW,1670.0
2019-06-10,HCC,Tianjin Australia EXW,1520.0
2019-06-10,SSCC,Tangshan Hebei FOR,1510.0
2019-06-10,SSCC,Wuhai EXW,1041.0
2019-06-10,TC,GM DAP,250.0
2019-06-10,TC,Wuhai EXW,427.0
2019-06-17,HCC,GM EXW #5 Jinquan ,1210.0
2019-06-17,HCC,GM EXW #3,0.0
2019-06-17,HCC,Baotou EXW,1092.0
2019-06-17,HCC,Tangshan Hebei FOR,1645.0
2019-06-17,HCC,Jingtang Australia EXW,1670.0
2019-06-17,HCC,Tianjin Australia EXW,1520.0
2019-06-17,SSCC,Tangshan Hebei FOR,1510.0
2019-06-17,SSCC,Wuhai EXW,1041.0
2019-06-17,TC,GM DAP,250.0
2019-06-17,TC,Wuhai EXW,420.0
2019-06-24,HCC,GM EXW #5 Jinquan ,1210.0
2019-06-24,HCC,GM EXW #3,0.0
2019-06-24,HCC,Baotou EXW,1081.0
2019-06-24,HCC,Tangshan Hebei FOR,1645.0
2019-06-24,HCC,Jingtang Australia EXW,1670.0
2019-06-24,HCC,Tianjin Australia EXW,1530.0
2019-06-24,SSCC,Tangshan Hebei FOR,1500.0
2019-06-24,SSCC,Wuhai EXW,1030.0
2019-06-24,TC,GM DAP,250.0
2019-06-24,TC,Wuhai EXW,419.0
2019-07-01,HCC,GM EXW #5 Jinquan ,1210.0
2019-07-01,HCC,GM EXW #3,0.0
2019-07-01,HCC,Baotou EXW,1081.0
2019-07-01,HCC,Tangshan Hebei FOR,1645.0
2019-07-01,HCC,Jingtang Australia EXW,1640.0
2019-07-01,HCC,Tianjin Australia EXW,1500.0
2019-07-01,SSCC,Tangshan Hebei FOR,1490.0
2019-07-01,SSCC,Wuhai EXW,1030.0
2019-07-01,TC,GM DAP,246.0
2019-07-01,TC,Wuhai EXW,424.0
2019-07-08,HCC,GM EXW #5 Jinquan ,1190.0
2019-07-08,HCC,GM EXW #3,0.0
2019-07-08,HCC,Baotou EXW,1081.0
2019-07-08,HCC,Tangshan Hebei FOR,1615.0
2019-07-08,HCC,Jingtang Australia EXW,1590.0
2019-07-08,HCC,Tianjin Australia EXW,1470.0
2019-07-08,SSCC,Tangshan Hebei FOR,1490.0
2019-07-08,SSCC,Wuhai EXW,1030.0
2019-07-08,TC,GM DAP,246.0
2019-07-08,TC,Wuhai EXW,427.0
2019-07-15,HCC,GM EXW #5 Jinquan ,1190.0
2019-07-15,HCC,GM EXW #3,0.0
2019-07-15,HCC,Baotou EXW,1046.0
2019-07-15,HCC,Tangshan Hebei FOR,1615.0
2019-07-15,HCC,Jingtang Australia EXW,1580.0
2019-07-15,HCC,Tianjin Australia EXW,1470.0
2019-07-15,SSCC,Tangshan Hebei FOR,1480.0
2019-07-15,SSCC,Wuhai EXW,998.0
2019-07-15,TC,GM DAP,246.0
2019-07-15,TC,Wuhai EXW,426.0
2019-07-22,HCC,GM EXW #5 Jinquan ,1150.0
2019-07-22,HCC,GM EXW #3,0.0
2019-07-22,HCC,Baotou EXW,1046.0
2019-07-22,HCC,Tangshan Hebei FOR,1615.0
2019-07-22,HCC,Jingtang Australia EXW,1580.0
2019-07-22,HCC,Tianjin Australia EXW,1470.0
2019-07-22,SSCC,Tangshan Hebei FOR,1480.0
2019-07-22,SSCC,Wuhai EXW,998.0
2019-07-22,TC,GM DAP,246.0
2019-07-22,TC,Wuhai EXW,422.0
2019-07-29,HCC,GM EXW #5 Jinquan ,1150.0
2019-07-29,HCC,GM EXW #3,0.0
2019-07-29,HCC,Baotou EXW,1046.0
2019-07-29,HCC,Tangshan Hebei FOR,1615.0
2019-07-29,HCC,Jingtang Australia EXW,1600.0
2019-07-29,HCC,Tianjin Australia EXW,1500.0
2019-07-29,SSCC,Tangshan Hebei FOR,1480.0
2019-07-29,SSCC,Wuhai EXW,998.0
2019-07-29,TC,GM DAP,246.0
2019-07-29,TC,Wuhai EXW,420.0
2019-08-05,HCC,GM EXW #5 Jinquan ,1150.0
2019-08-05,HCC,GM EXW #3,0.0
2019-08-05,HCC,Baotou EXW,1046.0
2019-08-05,HCC,Tangshan Hebei FOR,1615.0
2019-08-05,HCC,Jingtang Australia EXW,1600.0
2019-08-05,HCC,Tianjin Australia EXW,1500.0
2019-08-05,SSCC,Tangshan Hebei FOR,1480.0
2019-08-05,SSCC,Wuhai EXW,998.0
2019-08-05,TC,GM DAP,246.0
2019-08-05,TC,Wuhai EXW,421.0
2019-08-12,HCC,GM EXW #5 Jinquan ,1150.0
2019-08-12,HCC,GM EXW #3,0.0
2019-08-12,HCC,Baotou EXW,1046.0
2019-08-12,HCC,Tangshan Hebei FOR,1615.0
2019-08-12,HCC,Jingtang Australia EXW,1600.0
2019-08-12,HCC,Tianjin Australia EXW,1500.0
2019-08-12,SSCC,Tangshan Hebei FOR,1480.0
2019-08-12,SSCC,Wuhai EXW,998.0
2019-08-12,TC,GM DAP,244.0
2019-08-12,TC,Wuhai EXW,417.0
2019-08-19,HCC,GM EXW #5 Jinquan ,1150.0
2019-08-19,HCC,GM EXW #3,0.0
2019-08-19,HCC,Baotou EXW,1046.0
2019-08-19,HCC,Tangshan Hebei FOR,1615.0
2019-08-19,HCC,Jingtang Australia EXW,1570.0
2019-08-19,HCC,Tianjin Australia EXW,1490.0
2019-08-19,SSCC,Tangshan Hebei FOR,1480.0
2019-08-19,SSCC,Wuhai EXW,998.0
2019-08-19,TC,GM DAP,244.0
2019-08-19,TC,Wuhai EXW,411.0
2019-08-26,HCC,GM EXW #5 Jinquan ,1140.0
2019-08-26,HCC,GM EXW #3,0.0
2019-08-26,HCC,Baotou EXW,1046.0
2019-08-26,HCC,Tangshan Hebei FOR,1615.0
2019-08-26,HCC,Jingtang Australia EXW,1490.0
2019-08-26,HCC,Tianjin Australia EXW,1440.0
2019-08-26,SSCC,Tangshan Hebei FOR,1480.0
2019-08-26,SSCC,Wuhai EXW,998.0
2019-08-26,TC,GM DAP,244.0
2019-08-26,TC,Wuhai EXW,411.0
2019-09-02,HCC,GM EXW #5 Jinquan ,1140.0
2019-09-02,HCC,GM EXW #3,0.0
2019-09-02,HCC,Baotou EXW,1046.0
2019-09-02,HCC,Tangshan Hebei FOR,1615.0
2019-09-02,HCC,Jingtang Australia EXW,1490.0
2019-09-02,HCC,Tianjin Australia EXW,1420.0
2019-09-02,SSCC,Tangshan Hebei FOR,1480.0
2019-09-02,SSCC,Wuhai EXW,998.0
2019-09-02,TC,GM DAP,247.0
2019-09-02,TC,Wuhai EXW,411.0
2019-09-09,HCC,GM EXW #5 Jinquan ,1130.0
2019-09-09,HCC,GM EXW #3,0.0
2019-09-09,HCC,Baotou EXW,1046.0
2019-09-09,HCC,Tangshan Hebei FOR,1615.0
2019-09-09,HCC,Jingtang Australia EXW,1490.0
2019-09-09,HCC,Tianjin Australia EXW,1420.0
2019-09-09,SSCC,Tangshan Hebei FOR,1480.0
2019-09-09,SSCC,Wuhai EXW,998.0
2019-09-09,TC,GM DAP,247.0
2019-09-09,TC,Wuhai EXW,411.0
2019-09-16,HCC,GM EXW #5 Jinquan ,1130.0
2019-09-16,HCC,GM EXW #3,0.0
2019-09-16,HCC,Baotou EXW,1046.0
2019-09-16,HCC,Tangshan Hebei FOR,1615.0
2019-09-16,HCC,Jingtang Australia EXW,1490.0
2019-09-16,HCC,Tianjin Australia EXW,1420.0
2019-09-16,SSCC,Tangshan Hebei FOR,1480.0
2019-09-16,SSCC,Wuhai EXW,998.0
2019-09-16,TC,GM DAP,247.0
2019-09-16,TC,Wuhai EXW,411.0
2019-09-23,HCC,GM EXW #5 Jinquan ,1130.0
2019-09-23,HCC,GM EXW #3,0.0
2019-09-23,HCC,Baotou EXW,1046.0
2019-09-23,HCC,Tangshan Hebei FOR,1615.0
2019-09-23,HCC,Jingtang Australia EXW,1470.0
2019-09-23,HCC,Tianjin Australia EXW,1400.0
2019-09-23,SSCC,Tangshan Hebei FOR,1450.0
2019-09-23,SSCC,Wuhai EXW,998.0
2019-09-23,TC,GM DAP,247.0
2019-09-23,TC,Wuhai EXW,411.0
2019-09-30,HCC,GM EXW #5 Jinquan ,1130.0
2019-09-30,HCC,GM EXW #3,0.0
2019-09-30,HCC,Baotou EXW,1046.0
2019-09-30,HCC,Tangshan Hebei FOR,1615.0
2019-09-30,HCC,Jingtang Australia EXW,1450.0
2019-09-30,HCC,Tianjin Australia EXW,1380.0
2019-09-30,SSCC,Tangshan Hebei FOR,1450.0
2019-09-30,SSCC,Wuhai EXW,998.0
2019-09-30,TC,GM DAP,250.0
2019-09-30,TC,Wuhai EXW,413.0
2019-10-07,HCC,GM EXW #5 Jinquan ,1130.0
2019-10-07,HCC,GM EXW #3,0.0
2019-10-07,HCC,Baotou EXW,1046.0
2019-10-07,HCC,Tangshan Hebei FOR,1615.0
2019-10-07,HCC,Jingtang Australia EXW,1450.0
2019-10-07,HCC,Tianjin Australia EXW,1380.0
2019-10-07,SSCC,Tangshan Hebei FOR,1450.0
2019-10-07,SSCC,Wuhai EXW,998.0
2019-10-07,TC,GM DAP,250.0
2019-10-07,TC,Wuhai EXW,413.0
2019-10-14,HCC,GM EXW #5 Jinquan ,1060.0
2019-10-14,HCC,GM EXW #3,0.0
2019-10-14,HCC,Baotou EXW,1046.0
2019-10-14,HCC,Tangshan Hebei FOR,1585.0
2019-10-14,HCC,Jingtang Australia EXW,1430.0
2019-10-14,HCC,Tianjin Australia EXW,1360.0
2019-10-14,SSCC,Tangshan Hebei FOR,1450.0
2019-10-14,SSCC,Wuhai EXW,998.0
2019-10-14,TC,GM DAP,250.0
2019-10-14,TC,Wuhai EXW,404.0
2019-10-21,HCC,GM EXW #5 Jinquan ,1060.0
2019-10-21,HCC,GM EXW #3,0.0
2019-10-21,HCC,Baotou EXW,1046.0
2019-10-21,HCC,Tangshan Hebei FOR,1585.0
2019-10-21,HCC,Jingtang Australia EXW,1430.0
2019-10-21,HCC,Tianjin Australia EXW,1360.0
2019-10-21,SSCC,Tangshan Hebei FOR,1450.0
2019-10-21,SSCC,Wuhai EXW,998.0
2019-10-21,TC,GM DAP,250.0
2019-10-21,TC,Wuhai EXW,402.0
2019-10-28,HCC,GM EXW #5 Jinquan ,1060.0
2019-10-28,HCC,GM EXW #3,0.0
2019-10-28,HCC,Baotou EXW,988.0
2019-10-28,HCC,Tangshan Hebei FOR,1585.0
2019-10-28,HCC,Jingtang Australia EXW,1385.0
2019-10-28,HCC,Tianjin Australia EXW,1320.0
2019-10-28,SSCC,Tangshan Hebei FOR,1420.0
2019-10-28,SSCC,Wuhai EXW,944.0
2019-10-28,TC,GM DAP,250.0
2019-10-28,TC,Wuhai EXW,397.0
2019-11-04,HCC,GM EXW #5 Jinquan ,1060.0
2019-11-04,HCC,GM EXW #3,0.0
2019-11-04,HCC,Baotou EXW,988.0
2019-11-04,HCC,Tangshan Hebei FOR,1585.0
2019-11-04,HCC,Jingtang Australia EXW,1385.0
2019-11-04,HCC,Tianjin Australia EXW,1320.0
2019-11-04,SSCC,Tangshan Hebei FOR,1420.0
2019-11-04,SSCC,Wuhai EXW,944.0
2019-11-04,TC,GM DAP,248.0
2019-11-04,TC,Wuhai EXW,386.0
2019-11-11,HCC,GM EXW #5 Jinquan ,1030.0
2019-11-11,HCC,GM EXW #3,0.0
2019-11-11,HCC,Baotou EXW,930.0
2019-11-11,HCC,Tangshan Hebei FOR,1565.0
2019-11-11,HCC,Jingtang Australia EXW,1385.0
2019-11-11,HCC,Tianjin Australia EXW,1280.0
2019-11-11,SSCC,Tangshan Hebei FOR,1420.0
2019-11-11,SSCC,Wuhai EXW,890.0
2019-11-11,TC,GM DAP,248.0
2019-11-11,TC,Wuhai EXW,378.0
2019-11-18,HCC,GM EXW #5 Jinquan ,1030.0
2019-11-18,HCC,GM EXW #3,0.0
2019-11-18,HCC,Baotou EXW,895.0
2019-11-18,HCC,Tangshan Hebei FOR,1565.0
2019-11-18,HCC,Jingtang Australia EXW,1360.0
2019-11-18,HCC,Tianjin Australia EXW,1270.0
2019-11-18,SSCC,Tangshan Hebei FOR,1420.0
2019-11-18,SSCC,Wuhai EXW,857.0
2019-11-18,TC,GM DAP,248.0
2019-11-18,TC,Wuhai EXW,370.0
2019-11-25,HCC,GM EXW #5 Jinquan ,1030.0
2019-11-25,HCC,GM EXW #3,0.0
2019-11-25,HCC,Baotou EXW,895.0
2019-11-25,HCC,Tangshan Hebei FOR,1565.0
2019-11-25,HCC,Jingtang Australia EXW,1360.0
2019-11-25,HCC,Tianjin Australia EXW,1270.0
2019-11-25,SSCC,Tangshan Hebei FOR,1420.0
2019-11-25,SSCC,Wuhai EXW,857.0
2019-11-25,TC,GM DAP,248.0
2019-11-25,TC,Wuhai EXW,370.0
2019-12-02,HCC,GM EXW #5 Jinquan ,1010.0
2019-12-02,HCC,GM EXW #3,0.0
2019-12-02,HCC,Baotou EXW,895.0
2019-12-02,HCC,Tangshan Hebei FOR,1565.0
2019-12-02,HCC,Jingtang Australia EXW,1360.0
2019-12-02,HCC,Tianjin Australia EXW,1270.0
2019-12-02,SSCC,Tangshan Hebei FOR,1420.0
2019-12-02,SSCC,Wuhai EXW,857.0
2019-12-02,TC,GM DAP,250.0
2019-12-02,TC,Wuhai EXW,371.0
2019-12-09,HCC,GM EXW #5 Jinquan ,1010.0
2019-12-09,HCC,GM EXW #3,0.0
2019-12-09,HCC,Baotou EXW,895.0
2019-12-09,HCC,Tangshan Hebei FOR,1565.0
2019-12-09,HCC,Jingtang Australia EXW,1340.0
2019-12-09,HCC,Tianjin Australia EXW,1220.0
2019-12-09,SSCC,Tangshan Hebei FOR,1420.0
2019-12-09,SSCC,Wuhai EXW,857.0
2019-12-09,TC,GM DAP,250.0
2019-12-09,TC,Wuhai EXW,371.0
2019-12-16,HCC,GM EXW #5 Jinquan ,1020.0
2019-12-16,HCC,GM EXW #3,0.0
2019-12-16,HCC,Baotou EXW,895.0
2019-12-16,HCC,Tangshan Hebei FOR,1565.0
2019-12-16,HCC,Jingtang Australia EXW,1340.0
2019-12-16,HCC,Tianjin Australia EXW,1220.0
2019-12-16,SSCC,Tangshan Hebei FOR,1420.0
2019-12-16,SSCC,Wuhai EXW,857.0
2019-12-16,TC,GM DAP,250.0
2019-12-16,TC,Wuhai EXW,372.0
2019-12-23,HCC,GM EXW #5 Jinquan ,1040.0
2019-12-23,HCC,GM EXW #3,0.0
2019-12-23,HCC,Baotou EXW,918.0
2019-12-23,HCC,Tangshan Hebei FOR,1565.0
2019-12-23,HCC,Jingtang Australia EXW,1310.0
2019-12-23,HCC,Tianjin Australia EXW,1190.0
2019-12-23,SSCC,Tangshan Hebei FOR,1420.0
2019-12-23,SSCC,Wuhai EXW,879.0
2019-12-23,TC,GM DAP,250.0
2019-12-23,TC,Wuhai EXW,371.0
2019-12-30,HCC,GM EXW #5 Jinquan ,1040.0
2019-12-30,HCC,GM EXW #3,0.0
2019-12-30,HCC,Baotou EXW,918.0
2019-12-30,HCC,Tangshan Hebei FOR,1565.0
2019-12-30,HCC,Jingtang Australia EXW,1310.0
2019-12-30,HCC,Tianjin Australia EXW,1190.0
2019-12-30,SSCC,Tangshan Hebei FOR,1420.0
2019-12-30,SSCC,Wuhai EXW,879.0
2019-12-30,TC,GM DAP,251.0
2019-12-30,TC,Wuhai EXW,372.0
2020-01-06,HCC,GM EXW #5 Jinquan ,1040.0
2020-01-06,HCC,GM EXW #3,0.0
2020-01-06,HCC,Baotou EXW,953.0
2020-01-06,HCC,Tangshan Hebei FOR,1565.0
2020-01-06,HCC,Jingtang Australia EXW,1310.0
2020-01-06,HCC,Tianjin Australia EXW,1190.0
2020-01-06,SSCC,Tangshan Hebei FOR,1420.0
2020-01-06,SSCC,Wuhai EXW,911.0
2020-01-06,TC,GM DAP,251.0
2020-01-06,TC,Wuhai EXW,373.0
2020-01-13,HCC,GM EXW #5 Jinquan ,1040.0
2020-01-13,HCC,GM EXW #3,0.0
2020-01-13,HCC,Baotou EXW,953.0
2020-01-13,HCC,Tangshan Hebei FOR,1565.0
2020-01-13,HCC,Jingtang Australia EXW,1360.0
2020-01-13,HCC,Tianjin Australia EXW,1210.0
2020-01-13,SSCC,Tangshan Hebei FOR,1420.0
2020-01-13,SSCC,Wuhai EXW,911.0
2020-01-13,TC,GM DAP,251.0
2020-01-13,TC,Wuhai EXW,374.0
2020-01-20,HCC,GM EXW #5 Jinquan ,1040.0
2020-01-20,HCC,GM EXW #3,0.0
2020-01-20,HCC,Baotou EXW,953.0
2020-01-20,HCC,Tangshan Hebei FOR,1565.0
2020-01-20,HCC,Jingtang Australia EXW,1360.0
2020-01-20,HCC,Tianjin Australia EXW,1210.0
2020-01-20,SSCC,Tangshan Hebei FOR,1420.0
2020-01-20,SSCC,Wuhai EXW,911.0
2020-01-20,TC,GM DAP,251.0
2020-01-20,TC,Wuhai EXW,374.0
2020-01-27,HCC,GM EXW #5 Jinquan ,1040.0
2020-01-27,HCC,GM EXW #3,0.0
2020-01-27,HCC,Baotou EXW,953.0
2020-01-27,HCC,Tangshan Hebei FOR,1565.0
2020-01-27,HCC,Jingtang Australia EXW,1370.0
2020-01-27,HCC,Tianjin Australia EXW,1210.0
2020-01-27,SSCC,Tangshan Hebei FOR,1420.0
2020-01-27,SSCC,Wuhai EXW,911.0
2020-01-27,TC,GM DAP,251.0
2020-01-27,TC,Wuhai EXW,374.0
2020-02-03,HCC,GM EXW #5 Jinquan ,1040.0
2020-02-03,HCC,GM EXW #3,0.0
2020-02-03,HCC,Baotou EXW,953.0
2020-02-03,HCC,Tangshan Hebei FOR,1565.0
2020-02-03,HCC,Jingtang Australia EXW,1370.0
2020-02-03,HCC,Tianjin Australia EXW,1210.0
2020-02-03,SSCC,Tangshan Hebei FOR,1420.0
2020-02-03,SSCC,Wuhai EXW,911.0
2020-02-03,TC,GM DAP,251.0
2020-02-03,TC,Wuhai EXW,374.0
2020-02-10,HCC,GM EXW #5 Jinquan ,1040.0
2020-02-10,HCC,GM EXW #3,0.0
2020-02-10,HCC,Baotou EXW,953.0
2020-02-10,HCC,Tangshan Hebei FOR,1565.0
2020-02-10,HCC,Jingtang Australia EXW,1455.0
2020-02-10,HCC,Tianjin Australia EXW,1310.0
2020-02-10,SSCC,Tangshan Hebei FOR,1420.0
2020-02-10,SSCC,Wuhai EXW,911.0
2020-02-10,TC,GM DAP,251.0
2020-02-10,TC,Wuhai EXW,380.0
2020-02-17,HCC,GM EXW #5 Jinquan ,1040.0
2020-02-17,HCC,GM EXW #3,0.0
2020-02-17,HCC,Baotou EXW,999.0
2020-02-17,HCC,Tangshan Hebei FOR,1595.0
2020-02-17,HCC,Jingtang Australia EXW,1480.0
2020-02-17,HCC,Tianjin Australia EXW,1320.0
2020-02-17,SSCC,Tangshan Hebei FOR,1420.0
2020-02-17,SSCC,Wuhai EXW,955.0
2020-02-17,TC,GM DAP,251.0
2020-02-17,TC,Wuhai EXW,400.0
2020-02-24,HCC,GM EXW #5 Jinquan ,1040.0
2020-02-24,HCC,GM EXW #3,0.0
2020-02-24,HCC,Baotou EXW,999.0
2020-02-24,HCC,Tangshan Hebei FOR,1595.0
2020-02-24,HCC,Jingtang Australia EXW,1470.0
2020-02-24,HCC,Tianjin Australia EXW,1320.0
2020-02-24,SSCC,Tangshan Hebei FOR,1450.0
2020-02-24,SSCC,Wuhai EXW,955.0
2020-02-24,TC,GM DAP,251.0
2020-02-24,TC,Wuhai EXW,430.0
2020-03-02,HCC,GM EXW #5 Jinquan ,1150.0
2020-03-02,HCC,GM EXW #3,0.0
2020-03-02,HCC,Baotou EXW,1023.0
2020-03-02,HCC,Tangshan Hebei FOR,1595.0
2020-03-02,HCC,Jingtang Australia EXW,1460.0
2020-03-02,HCC,Tianjin Australia EXW,1300.0
2020-03-02,SSCC,Tangshan Hebei FOR,1450.0
2020-03-02,SSCC,Wuhai EXW,976.0
2020-03-02,TC,GM DAP,253.0
2020-03-02,TC,Wuhai EXW,426.0
2020-03-09,HCC,GM EXW #5 Jinquan ,1150.0
2020-03-09,HCC,GM EXW #3,0.0
2020-03-09,HCC,Baotou EXW,1023.0
2020-03-09,HCC,Tangshan Hebei FOR,1595.0
2020-03-09,HCC,Jingtang Australia EXW,1410.0
2020-03-09,HCC,Tianjin Australia EXW,1290.0
2020-03-09,SSCC,Tangshan Hebei FOR,1450.0
2020-03-09,SSCC,Wuhai EXW,976.0
2020-03-09,TC,GM DAP,253.0
2020-03-09,TC,Wuhai EXW,412.0
2020-03-16,HCC,GM EXW #5 Jinquan ,1150.0
2020-03-16,HCC,GM EXW #3,0.0
2020-03-16,HCC,Baotou EXW,1023.0
2020-03-16,HCC,Tangshan Hebei FOR,1595.0
2020-03-16,HCC,Jingtang Australia EXW,1410.0
2020-03-16,HCC,Tianjin Australia EXW,1290.0
2020-03-16,SSCC,Tangshan Hebei FOR,1450.0
2020-03-16,SSCC,Wuhai EXW,976.0
2020-03-16,TC,GM DAP,253.0
2020-03-16,TC,Wuhai EXW,391.0
2020-03-23,HCC,GM EXW #5 Jinquan ,1120.0
2020-03-23,HCC,GM EXW #3,0.0
2020-03-23,HCC,Baotou EXW,988.0
2020-03-23,HCC,Tangshan Hebei FOR,1595.0
2020-03-23,HCC,Jingtang Australia EXW,1370.0
2020-03-23,HCC,Tianjin Australia EXW,1250.0
2020-03-23,SSCC,Tangshan Hebei FOR,1420.0
2020-03-23,SSCC,Wuhai EXW,944.0
2020-03-23,TC,GM DAP,253.0
2020-03-23,TC,Wuhai EXW,372.0
2020-03-30,HCC,GM EXW #5 Jinquan ,1090.0
2020-03-30,HCC,GM EXW #3,0.0
2020-03-30,HCC,Baotou EXW,953.0
2020-03-30,HCC,Tangshan Hebei FOR,1595.0
2020-03-30,HCC,Jingtang Australia EXW,1350.0
2020-03-30,HCC,Tianjin Australia EXW,1230.0
2020-03-30,SSCC,Tangshan Hebei FOR,1420.0
2020-03-30,SSCC,Wuhai EXW,911.0
2020-03-30,TC,GM DAP,250.0
2020-03-30,TC,Wuhai EXW,370.0
2020-04-06,HCC,GM EXW #5 Jinquan ,1090.0
2020-04-06,HCC,GM EXW #3,0.0
2020-04-06,HCC,Baotou EXW,953.0
2020-04-06,HCC,Tangshan Hebei FOR,1595.0
2020-04-06,HCC,Jingtang Australia EXW,1330.0
2020-04-06,HCC,Tianjin Australia EXW,1230.0
2020-04-06,SSCC,Tangshan Hebei FOR,1420.0
2020-04-06,SSCC,Wuhai EXW,911.0
2020-04-06,TC,GM DAP,250.0
2020-04-06,TC,Wuhai EXW,358.0
2020-04-13,HCC,GM EXW #5 Jinquan ,1050.0
2020-04-13,HCC,GM EXW #3,0.0
2020-04-13,HCC,Baotou EXW,953.0
2020-04-13,HCC,Tangshan Hebei FOR,1595.0
2020-04-13,HCC,Jingtang Australia EXW,1335.0
2020-04-13,HCC,Tianjin Australia EXW,1200.0
2020-04-13,SSCC,Tangshan Hebei FOR,1370.0
2020-04-13,SSCC,Wuhai EXW,911.0
2020-04-13,TC,GM DAP,250.0
2020-04-13,TC,Wuhai EXW,348.0
2020-04-20,HCC,GM EXW #5 Jinquan ,1050.0
2020-04-20,HCC,GM EXW #3,0.0
2020-04-20,HCC,Baotou EXW,930.0
2020-04-20,HCC,Tangshan Hebei FOR,1555.0
2020-04-20,HCC,Jingtang Australia EXW,1335.0
2020-04-20,HCC,Tianjin Australia EXW,1200.0
2020-04-20,SSCC,Tangshan Hebei FOR,1340.0
2020-04-20,SSCC,Wuhai EXW,890.0
2020-04-20,TC,GM DAP,250.0
2020-04-20,TC,Wuhai EXW,336.0
2020-04-27,HCC,GM EXW #5 Jinquan ,1050.0
2020-04-27,HCC,GM EXW #3,0.0
2020-04-27,HCC,Baotou EXW,930.0
2020-04-27,HCC,Tangshan Hebei FOR,1555.0
2020-04-27,HCC,Jingtang Australia EXW,1335.0
2020-04-27,HCC,Tianjin Australia EXW,1200.0
2020-04-27,SSCC,Tangshan Hebei FOR,1290.0
2020-04-27,SSCC,Wuhai EXW,890.0
2020-04-27,TC,GM DAP,245.0
2020-04-27,TC,Wuhai EXW,325.0
2020-05-04,HCC,GM EXW #5 Jinquan ,1050.0
2020-05-04,HCC,GM EXW #3,0.0
2020-05-04,HCC,Baotou EXW,930.0
2020-05-04,HCC,Tangshan Hebei FOR,1555.0
2020-05-04,HCC,Jingtang Australia EXW,1335.0
2020-05-04,HCC,Tianjin Australia EXW,1200.0
2020-05-04,SSCC,Tangshan Hebei FOR,1290.0
2020-05-04,SSCC,Wuhai EXW,890.0
2020-05-04,TC,GM DAP,245.0
2020-05-04,TC,Wuhai EXW,324.0
2020-05-11,HCC,GM EXW #5 Jinquan ,1030.0
2020-05-11,HCC,GM EXW #3,0.0
2020-05-11,HCC,Baotou EXW,930.0
2020-05-11,HCC,Tangshan Hebei FOR,1555.0
2020-05-11,HCC,Jingtang Australia EXW,1335.0
2020-05-11,HCC,Tianjin Australia EXW,1200.0
2020-05-11,SSCC,Tangshan Hebei FOR,1240.0
2020-05-11,SSCC,Wuhai EXW,890.0
2020-05-11,TC,GM DAP,245.0
2020-05-11,TC,Wuhai EXW,315.0
2020-05-18,HCC,GM EXW #5 Jinquan ,1030.0
2020-05-18,HCC,GM EXW #3,0.0
2020-05-18,HCC,Baotou EXW,930.0
2020-05-18,HCC,Tangshan Hebei FOR,1535.0
2020-05-18,HCC,Jingtang Australia EXW,1335.0
2020-05-18,HCC,Tianjin Australia EXW,1200.0
2020-05-18,SSCC,Tangshan Hebei FOR,1240.0
2020-05-18,SSCC,Wuhai EXW,890.0
2020-05-18,TC,GM DAP,245.0
2020-05-18,TC,Wuhai EXW,322.0
2020-05-25,HCC,GM EXW #5 Jinquan ,1010.0
2020-05-25,HCC,GM EXW #3,0.0
2020-05-25,HCC,Baotou EXW,930.0
2020-05-25,HCC,Tangshan Hebei FOR,1485.0
2020-05-25,HCC,Jingtang Australia EXW,1320.0
2020-05-25,HCC,Tianjin Australia EXW,1190.0
2020-05-25,SSCC,Tangshan Hebei FOR,1240.0
2020-05-25,SSCC,Wuhai EXW,890.0
2020-05-25,TC,GM DAP,245.0
2020-05-25,TC,Wuhai EXW,339.0
2020-06-01,HCC,GM EXW #5 Jinquan ,1010.0
2020-06-01,HCC,GM EXW #3,0.0
2020-06-01,HCC,Baotou EXW,930.0
2020-06-01,HCC,Tangshan Hebei FOR,1485.0
2020-06-01,HCC,Jingtang Australia EXW,1325.0
2020-06-01,HCC,Tianjin Australia EXW,1190.0
2020-06-01,SSCC,Tangshan Hebei FOR,1240.0
2020-06-01,SSCC,Wuhai EXW,890.0
2020-06-01,TC,GM DAP,255.0
2020-06-01,TC,Wuhai EXW,353.0
2020-06-08,HCC,GM EXW #5 Jinquan ,1010.0
2020-06-08,HCC,GM EXW #3,0.0
2020-06-08,HCC,Baotou EXW,930.0
2020-06-08,HCC,Tangshan Hebei FOR,1485.0
2020-06-08,HCC,Jingtang Australia EXW,1325.0
2020-06-08,HCC,Tianjin Australia EXW,1190.0
2020-06-08,SSCC,Tangshan Hebei FOR,1220.0
2020-06-08,SSCC,Wuhai EXW,890.0
2020-06-08,TC,GM DAP,255.0
2020-06-08,TC,Wuhai EXW,358.0
2020-06-15,HCC,GM EXW #5 Jinquan ,1000.0
2020-06-15,HCC,GM EXW #3,0.0
2020-06-15,HCC,Baotou EXW,953.0
2020-06-15,HCC,Tangshan Hebei FOR,1485.0
2020-06-15,HCC,Jingtang Australia EXW,1325.0
2020-06-15,HCC,Tianjin Australia EXW,1190.0
2020-06-15,SSCC,Tangshan Hebei FOR,1220.0
2020-06-15,SSCC,Wuhai EXW,911.0
2020-06-15,TC,GM DAP,255.0
2020-06-15,TC,Wuhai EXW,367.0
2020-06-22,HCC,GM EXW #5 Jinquan ,1000.0
2020-06-22,HCC,GM EXW #3,0.0
2020-06-22,HCC,Baotou EXW,953.0
2020-06-22,HCC,Tangshan Hebei FOR,1485.0
2020-06-22,HCC,Jingtang Australia EXW,1325.0
2020-06-22,HCC,Tianjin Australia EXW,1190.0
2020-06-22,SSCC,Tangshan Hebei FOR,1220.0
2020-06-22,SSCC,Wuhai EXW,911.0
2020-06-22,TC,GM DAP,255.0
2020-06-22,TC,Wuhai EXW,374.0
2020-06-29,HCC,GM EXW #5 Jinquan ,1000.0
2020-06-29,HCC,GM EXW #3,0.0
2020-06-29,HCC,Baotou EXW,953.0
2020-06-29,HCC,Tangshan Hebei FOR,1485.0
2020-06-29,HCC,Jingtang Australia EXW,1340.0
2020-06-29,HCC,Tianjin Australia EXW,1205.0
2020-06-29,SSCC,Tangshan Hebei FOR,1220.0
2020-06-29,SSCC,Wuhai EXW,911.0
2020-06-29,TC,GM DAP,260.0
2020-06-29,TC,Wuhai EXW,383.0
2020-07-06,HCC,GM EXW #5 Jinquan ,1000.0
2020-07-06,HCC,GM EXW #3,0.0
2020-07-06,HCC,Baotou EXW,953.0
2020-07-06,HCC,Tangshan Hebei FOR,1485.0
2020-07-06,HCC,Jingtang Australia EXW,1340.0
2020-07-06,HCC,Tianjin Australia EXW,1205.0
2020-07-06,SSCC,Tangshan Hebei FOR,1220.0
2020-07-06,SSCC,Wuhai EXW,911.0
2020-07-06,TC,GM DAP,260.0
2020-07-06,TC,Wuhai EXW,401.0
2020-07-13,HCC,GM EXW #5 Jinquan ,1000.0
2020-07-13,HCC,GM EXW #3,0.0
2020-07-13,HCC,Baotou EXW,930.0
2020-07-13,HCC,Tangshan Hebei FOR,1485.0
2020-07-13,HCC,Jingtang Australia EXW,1340.0
2020-07-13,HCC,Tianjin Australia EXW,1205.0
2020-07-13,SSCC,Tangshan Hebei FOR,1220.0
2020-07-13,SSCC,Wuhai EXW,890.0
2020-07-13,TC,GM DAP,260.0
2020-07-13,TC,Wuhai EXW,408.0
2020-07-20,HCC,GM EXW #5 Jinquan ,1000.0
2020-07-20,HCC,GM EXW #3,0.0
2020-07-20,HCC,Baotou EXW,930.0
2020-07-20,HCC,Tangshan Hebei FOR,1485.0
2020-07-20,HCC,Jingtang Australia EXW,1340.0
2020-07-20,HCC,Tianjin Australia EXW,1205.0
2020-07-20,SSCC,Tangshan Hebei FOR,1210.0
2020-07-20,SSCC,Wuhai EXW,890.0
2020-07-20,TC,GM DAP,260.0
2020-07-20,TC,Wuhai EXW,407.0
2020-07-27,HCC,GM EXW #5 Jinquan ,1000.0
2020-07-27,HCC,GM EXW #3,0.0
2020-07-27,HCC,Baotou EXW,930.0
2020-07-27,HCC,Tangshan Hebei FOR,1485.0
2020-07-27,HCC,Jingtang Australia EXW,1345.0
2020-07-27,HCC,Tianjin Australia EXW,1205.0
2020-07-27,SSCC,Tangshan Hebei FOR,1210.0
2020-07-27,SSCC,Wuhai EXW,890.0
2020-07-27,TC,GM DAP,260.0
2020-07-27,TC,Wuhai EXW,401.0
2020-08-03,HCC,GM EXW #5 Jinquan ,1000.0
2020-08-03,HCC,GM EXW #3,0.0
2020-08-03,HCC,Baotou EXW,930.0
2020-08-03,HCC,Tangshan Hebei FOR,1485.0
2020-08-03,HCC,Jingtang Australia EXW,1345.0
2020-08-03,HCC,Tianjin Australia EXW,1205.0
2020-08-03,SSCC,Tangshan Hebei FOR,1210.0
2020-08-03,SSCC,Wuhai EXW,890.0
2020-08-03,TC,GM DAP,260.0
2020-08-03,TC,Wuhai EXW,399.0
2020-08-10,HCC,GM EXW #5 Jinquan ,1000.0
2020-08-10,HCC,GM EXW #3,0.0
2020-08-10,HCC,Baotou EXW,930.0
2020-08-10,HCC,Tangshan Hebei FOR,1485.0
2020-08-10,HCC,Jingtang Australia EXW,1345.0
2020-08-10,HCC,Tianjin Australia EXW,1205.0
2020-08-10,SSCC,Tangshan Hebei FOR,1160.0
2020-08-10,SSCC,Wuhai EXW,890.0
2020-08-10,TC,GM DAP,260.0
2020-08-10,TC,Wuhai EXW,397.0
2020-08-17,HCC,GM EXW #5 Jinquan ,1000.0
2020-08-17,HCC,GM EXW #3,0.0
2020-08-17,HCC,Baotou EXW,930.0
2020-08-17,HCC,Tangshan Hebei FOR,1485.0
2020-08-17,HCC,Jingtang Australia EXW,1340.0
2020-08-17,HCC,Tianjin Australia EXW,1205.0
2020-08-17,SSCC,Tangshan Hebei FOR,1160.0
2020-08-17,SSCC,Wuhai EXW,890.0
2020-08-17,TC,GM DAP,260.0
2020-08-17,TC,Wuhai EXW,395.0
2020-08-24,HCC,GM EXW #5 Jinquan ,1000.0
2020-08-24,HCC,GM EXW #3,0.0
2020-08-24,HCC,Baotou EXW,930.0
2020-08-24,HCC,Tangshan Hebei FOR,1485.0
2020-08-24,HCC,Jingtang Australia EXW,1340.0
2020-08-24,HCC,Tianjin Australia EXW,1205.0
2020-08-24,SSCC,Tangshan Hebei FOR,1160.0
2020-08-24,SSCC,Wuhai EXW,890.0
2020-08-24,TC,GM DAP,260.0
2020-08-24,TC,Wuhai EXW,395.0
2020-08-31,HCC,GM EXW #5 Jinquan ,1000.0
2020-08-31,HCC,GM EXW #3,0.0
2020-08-31,HCC,Baotou EXW,953.0
2020-08-31,HCC,Tangshan Hebei FOR,1485.0
2020-08-31,HCC,Jingtang Australia EXW,1340.0
2020-08-31,HCC,Tianjin Australia EXW,1205.0
2020-08-31,SSCC,Tangshan Hebei FOR,1160.0
2020-08-31,SSCC,Wuhai EXW,911.0
2020-08-31,TC,GM DAP,260.0
2020-08-31,TC,Wuhai EXW,397.0
2020-09-07,HCC,GM EXW #5 Jinquan ,1000.0
2020-09-07,HCC,GM EXW #3,0.0
2020-09-07,HCC,Baotou EXW,953.0
2020-09-07,HCC,Tangshan Hebei FOR,1485.0
2020-09-07,HCC,Jingtang Australia EXW,1340.0
2020-09-07,HCC,Tianjin Australia EXW,1205.0
2020-09-07,SSCC,Tangshan Hebei FOR,1160.0
2020-09-07,SSCC,Wuhai EXW,911.0
2020-09-07,TC,GM DAP,260.0
2020-09-07,TC,Wuhai EXW,401.0
2020-09-14,HCC,GM EXW #5 Jinquan ,1000.0
2020-09-14,HCC,GM EXW #3,0.0
2020-09-14,HCC,Baotou EXW,953.0
2020-09-14,HCC,Tangshan Hebei FOR,1485.0
2020-09-14,HCC,Jingtang Australia EXW,1340.0
2020-09-14,HCC,Tianjin Australia EXW,1205.0
2020-09-14,SSCC,Tangshan Hebei FOR,1160.0
2020-09-14,SSCC,Wuhai EXW,911.0
2020-09-14,TC,GM DAP,260.0
2020-09-14,TC,Wuhai EXW,408.0
2020-09-21,HCC,GM EXW #5 Jinquan ,1000.0
2020-09-21,HCC,GM EXW #3,0.0
2020-09-21,HCC,Baotou EXW,953.0
2020-09-21,HCC,Tangshan Hebei FOR,1485.0
2020-09-21,HCC,Jingtang Australia EXW,1340.0
2020-09-21,HCC,Tianjin Australia EXW,1205.0
2020-09-21,SSCC,Tangshan Hebei FOR,1160.0
2020-09-21,SSCC,Wuhai EXW,911.0
2020-09-21,TC,GM DAP,260.0
2020-09-21,TC,Wuhai EXW,418.0
2020-09-28,HCC,GM EXW #5 Jinquan ,1020.0
2020-09-28,HCC,GM EXW #3,0.0
2020-09-28,HCC,Baotou EXW,976.0
2020-09-28,HCC,Tangshan Hebei FOR,1485.0
2020-09-28,HCC,Jingtang Australia EXW,1360.0
2020-09-28,HCC,Tianjin Australia EXW,1205.0
2020-09-28,SSCC,Tangshan Hebei FOR,1160.0
2020-09-28,SSCC,Wuhai EXW,933.0
2020-09-28,TC,GM DAP,273.0
2020-09-28,TC,Wuhai EXW,435.0
2020-10-05,HCC,GM EXW #5 Jinquan ,1020.0
2020-10-05,HCC,GM EXW #3,0.0
2020-10-05,HCC,Baotou EXW,976.0
2020-10-05,HCC,Tangshan Hebei FOR,1485.0
2020-10-05,HCC,Jingtang Australia EXW,1360.0
2020-10-05,HCC,Tianjin Australia EXW,1205.0
2020-10-05,SSCC,Tangshan Hebei FOR,1160.0
2020-10-05,SSCC,Wuhai EXW,933.0
2020-10-05,TC,GM DAP,273.0
2020-10-05,TC,Wuhai EXW,440.0
2020-10-12,HCC,GM EXW #5 Jinquan ,1020.0
2020-10-12,HCC,GM EXW #3,0.0
2020-10-12,HCC,Baotou EXW,976.0
2020-10-12,HCC,Tangshan Hebei FOR,1485.0
2020-10-12,HCC,Jingtang Australia EXW,1360.0
2020-10-12,HCC,Tianjin Australia EXW,1205.0
2020-10-12,SSCC,Tangshan Hebei FOR,1160.0
2020-10-12,SSCC,Wuhai EXW,933.0
2020-10-12,TC,GM DAP,273.0
2020-10-12,TC,Wuhai EXW,439.0
2020-10-19,HCC,GM EXW #5 Jinquan ,1020.0
2020-10-19,HCC,GM EXW #3,0.0
2020-10-19,HCC,Baotou EXW,976.0
2020-10-19,HCC,Tangshan Hebei FOR,1485.0
2020-10-19,HCC,Jingtang Australia EXW,1360.0
2020-10-19,HCC,Tianjin Australia EXW,1205.0
2020-10-19,SSCC,Tangshan Hebei FOR,1170.0
2020-10-19,SSCC,Wuhai EXW,933.0
2020-10-19,TC,GM DAP,273.0
2020-10-19,TC,Wuhai EXW,440.0
2020-10-26,HCC,GM EXW #5 Jinquan ,1030.0
2020-10-26,HCC,GM EXW #3,0.0
2020-10-26,HCC,Baotou EXW,976.0
2020-10-26,HCC,Tangshan Hebei FOR,1485.0
2020-10-26,HCC,Jingtang Australia EXW,1390.0
2020-10-26,HCC,Tianjin Australia EXW,1245.0
2020-10-26,SSCC,Tangshan Hebei FOR,1170.0
2020-10-26,SSCC,Wuhai EXW,933.0
2020-10-26,TC,GM DAP,273.0
2020-10-26,TC,Wuhai EXW,439.0
2020-11-02,HCC,GM EXW #5 Jinquan ,1040.0
2020-11-02,HCC,GM EXW #3,0.0
2020-11-02,HCC,Baotou EXW,976.0
2020-11-02,HCC,Tangshan Hebei FOR,1485.0
2020-11-02,HCC,Jingtang Australia EXW,1390.0
2020-11-02,HCC,Tianjin Australia EXW,1245.0
2020-11-02,SSCC,Tangshan Hebei FOR,1190.0
2020-11-02,SSCC,Wuhai EXW,933.0
2020-11-02,TC,GM DAP,273.0
2020-11-02,TC,Wuhai EXW,433.0
2020-11-09,HCC,GM EXW #5 Jinquan ,1040.0
2020-11-09,HCC,GM EXW #3,0.0
2020-11-09,HCC,Baotou EXW,953.0
2020-11-09,HCC,Tangshan Hebei FOR,1485.0
2020-11-09,HCC,Jingtang Australia EXW,1390.0
2020-11-09,HCC,Tianjin Australia EXW,1245.0
2020-11-09,SSCC,Tangshan Hebei FOR,1190.0
2020-11-09,SSCC,Wuhai EXW,911.0
2020-11-09,TC,GM DAP,273.0
2020-11-09,TC,Wuhai EXW,439.0
2020-11-16,HCC,GM EXW #5 Jinquan ,1040.0
2020-11-16,HCC,GM EXW #3,0.0
2020-11-16,HCC,Baotou EXW,953.0
2020-11-16,HCC,Tangshan Hebei FOR,1485.0
2020-11-16,HCC,Jingtang Australia EXW,1390.0
2020-11-16,HCC,Tianjin Australia EXW,1245.0
2020-11-16,SSCC,Tangshan Hebei FOR,1190.0
2020-11-16,SSCC,Wuhai EXW,911.0
2020-11-16,TC,GM DAP,275.0
2020-11-16,TC,Wuhai EXW,444.0
2020-11-23,HCC,GM EXW #5 Jinquan ,1060.0
2020-11-23,HCC,GM EXW #3,0.0
2020-11-23,HCC,Baotou EXW,941.0
2020-11-23,HCC,Tangshan Hebei FOR,1500.0
2020-11-23,HCC,Jingtang Australia EXW,1390.0
2020-11-23,HCC,Tianjin Australia EXW,1245.0
2020-11-23,SSCC,Tangshan Hebei FOR,1240.0
2020-11-23,SSCC,Wuhai EXW,901.0
2020-11-23,TC,GM DAP,280.0
2020-11-23,TC,Wuhai EXW,447.0
2020-11-30,HCC,GM EXW #5 Jinquan ,1100.0
2020-11-30,HCC,GM EXW #3,0.0
2020-11-30,HCC,Baotou EXW,941.0
2020-11-30,HCC,Tangshan Hebei FOR,1520.0
2020-11-30,HCC,Jingtang Australia EXW,1390.0
2020-11-30,HCC,Tianjin Australia EXW,1245.0
2020-11-30,SSCC,Tangshan Hebei FOR,1290.0
2020-11-30,SSCC,Wuhai EXW,901.0
2020-11-30,TC,GM DAP,280.0
2020-11-30,TC,Wuhai EXW,455.0
2020-12-07,HCC,GM EXW #5 Jinquan ,1160.0
2020-12-07,HCC,GM EXW #3,0.0
2020-12-07,HCC,Baotou EXW,994.0
2020-12-07,HCC,Tangshan Hebei FOR,1575.0
2020-12-07,HCC,Jingtang Australia EXW,1520.0
2020-12-07,HCC,Tianjin Australia EXW,1350.0
2020-12-07,SSCC,Tangshan Hebei FOR,1310.0
2020-12-07,SSCC,Wuhai EXW,922.0
2020-12-07,TC,GM DAP,280.0
2020-12-07,TC,Wuhai EXW,470.0
2020-12-14,HCC,GM EXW #5 Jinquan ,1220.0
2020-12-14,HCC,GM EXW #3,0.0
2020-12-14,HCC,Baotou EXW,994.0
2020-12-14,HCC,Tangshan Hebei FOR,1575.0
2020-12-14,HCC,Jingtang Australia EXW,1520.0
2020-12-14,HCC,Tianjin Australia EXW,1350.0
2020-12-14,SSCC,Tangshan Hebei FOR,1310.0
2020-12-14,SSCC,Wuhai EXW,922.0
2020-12-14,TC,GM DAP,280.0
2020-12-14,TC,Wuhai EXW,502.0
2020-12-21,HCC,GM EXW #5 Jinquan ,1230.0
2020-12-21,HCC,GM EXW #3,0.0
2020-12-21,HCC,Baotou EXW,994.0
2020-12-21,HCC,Tangshan Hebei FOR,1575.0
2020-12-21,HCC,Jingtang Australia EXW,1520.0
2020-12-21,HCC,Tianjin Australia EXW,1350.0
2020-12-21,SSCC,Tangshan Hebei FOR,1390.0
2020-12-21,SSCC,Wuhai EXW,922.0
2020-12-21,TC,GM DAP,280.0
2020-12-21,TC,Wuhai EXW,521.0
2020-12-28,HCC,GM EXW #5 Jinquan ,1240.0
2020-12-28,HCC,GM EXW #3,0.0
2020-12-28,HCC,Baotou EXW,1018.0
2020-12-28,HCC,Tangshan Hebei FOR,1575.0
2020-12-28,HCC,Jingtang Australia EXW,1590.0
2020-12-28,HCC,Tianjin Australia EXW,1420.0
2020-12-28,SSCC,Tangshan Hebei FOR,1390.0
2020-12-28,SSCC,Wuhai EXW,944.0
2020-12-28,TC,GM DAP,280.0
2020-12-28,TC,Wuhai EXW,539.0
2021-01-04,HCC,GM EXW #5 Jinquan ,1280.0
2021-01-04,HCC,GM EXW #3,0.0
2021-01-04,HCC,Baotou EXW,1029.0
2021-01-04,HCC,Tangshan Hebei FOR,1575.0
2021-01-04,HCC,Jingtang Australia EXW,1590.0
2021-01-04,HCC,Tianjin Australia EXW,1420.0
2021-01-04,SSCC,Tangshan Hebei FOR,1390.0
2021-01-04,SSCC,Wuhai EXW,955.0
2021-01-04,TC,GM DAP,285.0
2021-01-04,TC,Wuhai EXW,560.0
2021-01-11,HCC,GM EXW #5 Jinquan ,1300.0
2021-01-11,HCC,GM EXW #3,0.0
2021-01-11,HCC,Baotou EXW,1111.0
2021-01-11,HCC,Tangshan Hebei FOR,1575.0
2021-01-11,HCC,Jingtang Australia EXW,1590.0
2021-01-11,HCC,Tianjin Australia EXW,1420.0
2021-01-11,SSCC,Tangshan Hebei FOR,1390.0
2021-01-11,SSCC,Wuhai EXW,1030.0
2021-01-11,TC,GM DAP,285.0
2021-01-11,TC,Wuhai EXW,587.0
2021-01-18,HCC,GM EXW #5 Jinquan ,1300.0
2021-01-18,HCC,GM EXW #3,0.0
2021-01-18,HCC,Baotou EXW,1146.0
2021-01-18,HCC,Tangshan Hebei FOR,1625.0
2021-01-18,HCC,Jingtang Australia EXW,1590.0
2021-01-18,HCC,Tianjin Australia EXW,1420.0
2021-01-18,SSCC,Tangshan Hebei FOR,1390.0
2021-01-18,SSCC,Wuhai EXW,1063.0
2021-01-18,TC,GM DAP,290.0
2021-01-18,TC,Wuhai EXW,625.0
2021-01-25,HCC,GM EXW #5 Jinquan ,1370.0
2021-01-25,HCC,GM EXW #3,0.0
2021-01-25,HCC,Baotou EXW,1169.0
2021-01-25,HCC,Tangshan Hebei FOR,1675.0
2021-01-25,HCC,Jingtang Australia EXW,1750.0
2021-01-25,HCC,Tianjin Australia EXW,1580.0
2021-01-25,SSCC,Tangshan Hebei FOR,1420.0
2021-01-25,SSCC,Wuhai EXW,1084.0
2021-01-25,TC,GM DAP,290.0
2021-01-25,TC,Wuhai EXW,640.0
2021-02-01,HCC,GM EXW #5 Jinquan ,1370.0
2021-02-01,HCC,GM EXW #3,0.0
2021-02-01,HCC,Baotou EXW,1169.0
2021-02-01,HCC,Tangshan Hebei FOR,1675.0
2021-02-01,HCC,Jingtang Australia EXW,1750.0
2021-02-01,HCC,Tianjin Australia EXW,1580.0
2021-02-01,SSCC,Tangshan Hebei FOR,1420.0
2021-02-01,SSCC,Wuhai EXW,1084.0
2021-02-01,TC,GM DAP,290.0
2021-02-01,TC,Wuhai EXW,558.0
2021-02-08,HCC,GM EXW #5 Jinquan ,1400.0
2021-02-08,HCC,GM EXW #3,0.0
2021-02-08,HCC,Baotou EXW,1157.0
2021-02-08,HCC,Tangshan Hebei FOR,1775.0
2021-02-08,HCC,Jingtang Australia EXW,1750.0
2021-02-08,HCC,Tianjin Australia EXW,1580.0
2021-02-08,SSCC,Tangshan Hebei FOR,1420.0
2021-02-08,SSCC,Wuhai EXW,1074.0
2021-02-08,TC,GM DAP,290.0
2021-02-08,TC,Wuhai EXW,487.0
2021-02-15,HCC,GM EXW #5 Jinquan ,1400.0
2021-02-15,HCC,GM EXW #3,0.0
2021-02-15,HCC,Baotou EXW,1157.0
2021-02-15,HCC,Tangshan Hebei FOR,1775.0
2021-02-15,HCC,Jingtang Australia EXW,1750.0
2021-02-15,HCC,Tianjin Australia EXW,1580.0
2021-02-15,SSCC,Tangshan Hebei FOR,1420.0
2021-02-15,SSCC,Wuhai EXW,1074.0
2021-02-15,TC,GM DAP,290.0
2021-02-15,TC,Wuhai EXW,481.0
2021-02-22,HCC,GM EXW #5 Jinquan ,1400.0
2021-02-22,HCC,GM EXW #3,0.0
2021-02-22,HCC,Baotou EXW,1157.0
2021-02-22,HCC,Tangshan Hebei FOR,1775.0
2021-02-22,HCC,Jingtang Australia EXW,1750.0
2021-02-22,HCC,Tianjin Australia EXW,1580.0
2021-02-22,SSCC,Tangshan Hebei FOR,1420.0
2021-02-22,SSCC,Wuhai EXW,1074.0
2021-02-22,TC,GM DAP,275.0
2021-02-22,TC,Wuhai EXW,445.0
2021-03-01,HCC,GM EXW #5 Jinquan ,1350.0
2021-03-01,HCC,GM EXW #3,0.0
2021-03-01,HCC,Baotou EXW,1134.0
2021-03-01,HCC,Tangshan Hebei FOR,1775.0
2021-03-01,HCC,Jingtang Australia EXW,1750.0
2021-03-01,HCC,Tianjin Australia EXW,1580.0
2021-03-01,SSCC,Tangshan Hebei FOR,1420.0
2021-03-01,SSCC,Wuhai EXW,1052.0
2021-03-01,TC,GM DAP,275.0
2021-03-01,TC,Wuhai EXW,415.0
2021-03-08,HCC,GM EXW #5 Jinquan ,1330.0
2021-03-08,HCC,GM EXW #3,0.0
2021-03-08,HCC,Baotou EXW,1076.0
2021-03-08,HCC,Tangshan Hebei FOR,1775.0
2021-03-08,HCC,Jingtang Australia EXW,1750.0
2021-03-08,HCC,Tianjin Australia EXW,1580.0
2021-03-08,SSCC,Tangshan Hebei FOR,1380.0
2021-03-08,SSCC,Wuhai EXW,998.0
2021-03-08,TC,GM DAP,275.0
2021-03-08,TC,Wuhai EXW,435.0
2021-03-15,HCC,GM EXW #5 Jinquan ,1290.0
2021-03-15,HCC,GM EXW #3,0.0
2021-03-15,HCC,Baotou EXW,1006.0
2021-03-15,HCC,Tangshan Hebei FOR,1775.0
2021-03-15,HCC,Jingtang Australia EXW,1750.0
2021-03-15,HCC,Tianjin Australia EXW,1580.0
2021-03-15,SSCC,Tangshan Hebei FOR,1380.0
2021-03-15,SSCC,Wuhai EXW,933.0
2021-03-15,TC,GM DAP,275.0
2021-03-15,TC,Wuhai EXW,468.0
2021-03-22,HCC,GM EXW #5 Jinquan ,1340.0
2021-03-22,HCC,GM EXW #3,0.0
2021-03-22,HCC,Baotou EXW,1006.0
2021-03-22,HCC,Tangshan Hebei FOR,1775.0
2021-03-22,HCC,Jingtang Australia EXW,1750.0
2021-03-22,HCC,Tianjin Australia EXW,1580.0
2021-03-22,SSCC,Tangshan Hebei FOR,1380.0
2021-03-22,SSCC,Wuhai EXW,944.0
2021-03-22,TC,GM DAP,275.0
2021-03-22,TC,Wuhai EXW,477.0
2021-03-29,HCC,GM EXW #5 Jinquan ,1350.0
2021-03-29,HCC,GM EXW #3,0.0
2021-03-29,HCC,Baotou EXW,1041.0
2021-03-29,HCC,Tangshan Hebei FOR,1775.0
2021-03-29,HCC,Jingtang Australia EXW,1750.0
2021-03-29,HCC,Tianjin Australia EXW,1580.0
2021-03-29,SSCC,Tangshan Hebei FOR,1380.0
2021-03-29,SSCC,Wuhai EXW,965.0
2021-03-29,TC,GM DAP,275.0
2021-03-29,TC,Wuhai EXW,528.0
2021-04-05,HCC,GM EXW #5 Jinquan ,1350.0
2021-04-05,HCC,GM EXW #3,0.0
2021-04-05,HCC,Baotou EXW,1041.0
2021-04-05,HCC,Tangshan Hebei FOR,1775.0
2021-04-05,HCC,Jingtang Australia EXW,1750.0
2021-04-05,HCC,Tianjin Australia EXW,1580.0
2021-04-05,SSCC,Tangshan Hebei FOR,1380.0
2021-04-05,SSCC,Wuhai EXW,965.0
2021-04-05,TC,GM DAP,280.0
2021-04-05,TC,Wuhai EXW,588.0
2021-04-12,HCC,GM EXW #5 Jinquan ,1400.0
2021-04-12,HCC,GM EXW #3,0.0
2021-04-12,HCC,Baotou EXW,1041.0
2021-04-12,HCC,Tangshan Hebei FOR,1660.0
2021-04-12,HCC,Jingtang Australia EXW,1750.0
2021-04-12,HCC,Tianjin Australia EXW,1580.0
2021-04-12,SSCC,Tangshan Hebei FOR,1380.0
2021-04-12,SSCC,Wuhai EXW,965.0
2021-04-12,TC,GM DAP,280.0
2021-04-12,TC,Wuhai EXW,576.0
2021-04-19,HCC,GM EXW #5 Jinquan ,1460.0
2021-04-19,HCC,GM EXW #3,0.0
2021-04-19,HCC,Baotou EXW,1076.0
2021-04-19,HCC,Tangshan Hebei FOR,1610.0
2021-04-19,HCC,Jingtang Australia EXW,1750.0
2021-04-19,HCC,Tianjin Australia EXW,1580.0
2021-04-19,SSCC,Tangshan Hebei FOR,1374.0
2021-04-19,SSCC,Wuhai EXW,998.0
2021-04-19,TC,GM DAP,280.0
2021-04-19,TC,Wuhai EXW,612.0
2021-04-26,HCC,GM EXW #5 Jinquan ,1550.0
2021-04-26,HCC,GM EXW #3,0.0
2021-04-26,HCC,Baotou EXW,1134.0
2021-04-26,HCC,Tangshan Hebei FOR,1610.0
2021-04-26,HCC,Jingtang Australia EXW,1750.0
2021-04-26,HCC,Tianjin Australia EXW,1580.0
2021-04-26,SSCC,Tangshan Hebei FOR,1374.0
2021-04-26,SSCC,Wuhai EXW,1052.0
2021-04-26,TC,GM DAP,280.0
2021-04-26,TC,Wuhai EXW,642.0
2021-05-03,HCC,GM EXW #5 Jinquan ,1550.0
2021-05-03,HCC,GM EXW #3,0.0
2021-05-03,HCC,Baotou EXW,1250.0
2021-05-03,HCC,Tangshan Hebei FOR,1610.0
2021-05-03,HCC,Jingtang Australia EXW,1790.0
2021-05-03,HCC,Tianjin Australia EXW,1620.0
2021-05-03,SSCC,Tangshan Hebei FOR,1374.0
2021-05-03,SSCC,Wuhai EXW,1160.0
2021-05-03,TC,GM DAP,285.0
2021-05-03,TC,Wuhai EXW,640.0
2021-05-10,HCC,GM EXW #5 Jinquan ,1630.0
2021-05-10,HCC,GM EXW #3,0.0
2021-05-10,HCC,Baotou EXW,1331.0
2021-05-10,HCC,Tangshan Hebei FOR,1610.0
2021-05-10,HCC,Jingtang Australia EXW,1790.0
2021-05-10,HCC,Tianjin Australia EXW,1620.0
2021-05-10,SSCC,Tangshan Hebei FOR,1374.0
2021-05-10,SSCC,Wuhai EXW,1236.0
2021-05-10,TC,GM DAP,295.0
2021-05-10,TC,Wuhai EXW,708.0
2021-05-17,HCC,GM EXW #5 Jinquan ,1700.0
2021-05-17,HCC,GM EXW #3,0.0
2021-05-17,HCC,Baotou EXW,1424.0
2021-05-17,HCC,Tangshan Hebei FOR,1610.0
2021-05-17,HCC,Jingtang Australia EXW,1860.0
2021-05-17,HCC,Tianjin Australia EXW,1700.0
2021-05-17,SSCC,Tangshan Hebei FOR,1374.0
2021-05-17,SSCC,Wuhai EXW,1322.0
2021-05-17,TC,GM DAP,295.0
2021-05-17,TC,Wuhai EXW,790.0
2021-05-24,HCC,GM EXW #5 Jinquan ,1700.0
2021-05-24,HCC,GM EXW #3,0.0
2021-05-24,HCC,Baotou EXW,1542.0
2021-05-24,HCC,Tangshan Hebei FOR,1610.0
2021-05-24,HCC,Jingtang Australia EXW,1940.0
2021-05-24,HCC,Tianjin Australia EXW,1780.0
2021-05-24,SSCC,Tangshan Hebei FOR,1374.0
2021-05-24,SSCC,Wuhai EXW,1322.0
2021-05-24,TC,GM DAP,295.0
2021-05-24,TC,Wuhai EXW,736.0
2021-05-31,HCC,GM EXW #5 Jinquan ,1700.0
2021-05-31,HCC,GM EXW #3,0.0
2021-05-31,HCC,Baotou EXW,1517.0
2021-05-31,HCC,Tangshan Hebei FOR,1610.0
2021-05-31,HCC,Jingtang Australia EXW,1940.0
2021-05-31,HCC,Tianjin Australia EXW,1780.0
2021-05-31,SSCC,Tangshan Hebei FOR,1374.0
2021-05-31,SSCC,Wuhai EXW,1301.0
2021-05-31,TC,GM DAP,295.0
2021-05-31,TC,Wuhai EXW,703.0
2021-06-07,HCC,GM EXW #5 Jinquan ,1700.0
2021-06-07,HCC,GM EXW #3,0.0
2021-06-07,HCC,Baotou EXW,1517.0
2021-06-07,HCC,Tangshan Hebei FOR,1610.0
2021-06-07,HCC,Jingtang Australia EXW,1940.0
2021-06-07,HCC,Tianjin Australia EXW,1780.0
2021-06-07,SSCC,Tangshan Hebei FOR,1374.0
2021-06-07,SSCC,Wuhai EXW,1301.0
2021-06-07,TC,GM DAP,295.0
2021-06-07,TC,Wuhai EXW,733.0
2021-06-14,HCC,GM EXW #5 Jinquan ,1700.0
2021-06-14,HCC,GM EXW #3,0.0
2021-06-14,HCC,Baotou EXW,1542.0
2021-06-14,HCC,Tangshan Hebei FOR,1610.0
2021-06-14,HCC,Jingtang Australia EXW,1940.0
2021-06-14,HCC,Tianjin Australia EXW,1780.0
2021-06-14,SSCC,Tangshan Hebei FOR,1374.0
2021-06-14,SSCC,Wuhai EXW,1322.0
2021-06-14,TC,GM DAP,305.0
2021-06-14,TC,Wuhai EXW,759.0
2021-06-21,HCC,GM EXW #5 Jinquan ,1700.0
2021-06-21,HCC,GM EXW #3,0.0
2021-06-21,HCC,Baotou EXW,1693.0
2021-06-21,HCC,Tangshan Hebei FOR,1610.0
2021-06-21,HCC,Jingtang Australia EXW,1940.0
2021-06-21,HCC,Tianjin Australia EXW,1780.0
2021-06-21,SSCC,Tangshan Hebei FOR,1374.0
2021-06-21,SSCC,Wuhai EXW,1452.0
2021-06-21,TC,GM DAP,310.0
2021-06-21,TC,Wuhai EXW,833.0
2021-06-28,HCC,GM EXW #5 Jinquan ,1850.0
2021-06-28,HCC,GM EXW #3,0.0
2021-06-28,HCC,Baotou EXW,1819.0
2021-06-28,HCC,Tangshan Hebei FOR,1850.0
2021-06-28,HCC,Jingtang Australia EXW,2160.0
2021-06-28,HCC,Tianjin Australia EXW,2000.0
2021-06-28,SSCC,Tangshan Hebei FOR,1593.0
2021-06-28,SSCC,Wuhai EXW,1560.0
2021-06-28,TC,GM DAP,315.0
2021-06-28,TC,Wuhai EXW,875.0
2021-07-05,HCC,GM EXW #5 Jinquan ,1900.0
2021-07-05,HCC,GM EXW #3,0.0
2021-07-05,HCC,Baotou EXW,1819.0
2021-07-05,HCC,Tangshan Hebei FOR,2000.0
2021-07-05,HCC,Jingtang Australia EXW,2160.0
2021-07-05,HCC,Tianjin Australia EXW,2000.0
2021-07-05,SSCC,Tangshan Hebei FOR,1729.0
2021-07-05,SSCC,Wuhai EXW,1560.0
2021-07-05,TC,GM DAP,315.0
2021-07-05,TC,Wuhai EXW,849.0
2021-07-12,HCC,GM EXW #5 Jinquan ,1900.0
2021-07-12,HCC,GM EXW #3,0.0
2021-07-12,HCC,Baotou EXW,1819.0
2021-07-12,HCC,Tangshan Hebei FOR,2000.0
2021-07-12,HCC,Jingtang Australia EXW,2160.0
2021-07-12,HCC,Tianjin Australia EXW,2000.0
2021-07-12,SSCC,Tangshan Hebei FOR,1729.0
2021-07-12,SSCC,Wuhai EXW,1560.0
2021-07-12,TC,GM DAP,315.0
2021-07-12,TC,Wuhai EXW,814.0
2021-07-19,HCC,GM EXW #5 Jinquan ,1950.0
2021-07-19,HCC,GM EXW #3,0.0
2021-07-19,HCC,Baotou EXW,1819.0
2021-07-19,HCC,Tangshan Hebei FOR,2000.0
2021-07-19,HCC,Jingtang Australia EXW,2160.0
2021-07-19,HCC,Tianjin Australia EXW,2000.0
2021-07-19,SSCC,Tangshan Hebei FOR,1729.0
2021-07-19,SSCC,Wuhai EXW,1560.0
2021-07-19,TC,GM DAP,320.0
2021-07-19,TC,Wuhai EXW,844.0
2021-07-26,HCC,GM EXW #5 Jinquan ,1950.0
2021-07-26,HCC,GM EXW #3,0.0
2021-07-26,HCC,Baotou EXW,1970.0
2021-07-26,HCC,Tangshan Hebei FOR,2000.0
2021-07-26,HCC,Jingtang Australia EXW,2160.0
2021-07-26,HCC,Tianjin Australia EXW,2000.0
2021-07-26,SSCC,Tangshan Hebei FOR,1729.0
2021-07-26,SSCC,Wuhai EXW,1690.0
2021-07-26,TC,GM DAP,320.0
2021-07-26,TC,Wuhai EXW,891.0
2021-08-02,HCC,GM EXW #5 Jinquan ,2100.0
2021-08-02,HCC,GM EXW #3,0.0
2021-08-02,HCC,Baotou EXW,2084.0
2021-08-02,HCC,Tangshan Hebei FOR,2050.0
2021-08-02,HCC,Jingtang Australia EXW,2160.0
2021-08-02,HCC,Tianjin Australia EXW,2000.0
2021-08-02,SSCC,Tangshan Hebei FOR,1775.0
2021-08-02,SSCC,Wuhai EXW,1787.0
2021-08-02,TC,GM DAP,325.0
2021-08-02,TC,Wuhai EXW,904.0
2021-08-09,HCC,GM EXW #5 Jinquan ,2100.0
2021-08-09,HCC,GM EXW #3,0.0
2021-08-09,HCC,Baotou EXW,2361.0
2021-08-09,HCC,Tangshan Hebei FOR,2170.0
2021-08-09,HCC,Jingtang Australia EXW,2160.0
2021-08-09,HCC,Tianjin Australia EXW,2000.0
2021-08-09,SSCC,Tangshan Hebei FOR,1884.0
2021-08-09,SSCC,Wuhai EXW,2025.0
2021-08-09,TC,GM DAP,325.0
2021-08-09,TC,Wuhai EXW,908.0
2021-08-16,HCC,GM EXW #5 Jinquan ,2250.0
2021-08-16,HCC,GM EXW #3,0.0
2021-08-16,HCC,Baotou EXW,2802.0
2021-08-16,HCC,Tangshan Hebei FOR,2370.0
2021-08-16,HCC,Jingtang Australia EXW,2160.0
2021-08-16,HCC,Tianjin Australia EXW,2000.0
2021-08-16,SSCC,Tangshan Hebei FOR,2066.0
2021-08-16,SSCC,Wuhai EXW,2403.0
2021-08-16,TC,GM DAP,325.0
2021-08-16,TC,Wuhai EXW,887.0
2021-08-23,HCC,GM EXW #5 Jinquan ,2500.0
2021-08-23,HCC,GM EXW #3,0.0
2021-08-23,HCC,Baotou EXW,3054.0
2021-08-23,HCC,Tangshan Hebei FOR,2370.0
2021-08-23,HCC,Jingtang Australia EXW,2840.0
2021-08-23,HCC,Tianjin Australia EXW,2700.0
2021-08-23,SSCC,Tangshan Hebei FOR,2066.0
2021-08-23,SSCC,Wuhai EXW,2619.0
2021-08-23,TC,GM DAP,325.0
2021-08-23,TC,Wuhai EXW,877.0
2021-08-30,HCC,GM EXW #5 Jinquan ,2800.0
2021-08-30,HCC,GM EXW #3,0.0
2021-08-30,HCC,Baotou EXW,3054.0
2021-08-30,HCC,Tangshan Hebei FOR,2670.0
2021-08-30,HCC,Jingtang Australia EXW,3040.0
2021-08-30,HCC,Tianjin Australia EXW,2900.0
2021-08-30,SSCC,Tangshan Hebei FOR,2339.0
2021-08-30,SSCC,Wuhai EXW,2619.0
2021-08-30,TC,GM DAP,325.0
2021-08-30,TC,Wuhai EXW,925.0
2021-09-06,HCC,GM EXW #5 Jinquan ,3150.0
2021-09-06,HCC,GM EXW #3,0.0
2021-09-06,HCC,Baotou EXW,3369.0
2021-09-06,HCC,Tangshan Hebei FOR,3130.0
2021-09-06,HCC,Jingtang Australia EXW,3140.0
2021-09-06,HCC,Tianjin Australia EXW,3000.0
2021-09-06,SSCC,Tangshan Hebei FOR,2757.0
2021-09-06,SSCC,Wuhai EXW,2890.0
2021-09-06,TC,GM DAP,325.0
2021-09-06,TC,Wuhai EXW,938.0
2021-09-13,HCC,GM EXW #5 Jinquan ,3500.0
2021-09-13,HCC,GM EXW #3,0.0
2021-09-13,HCC,Baotou EXW,3558.0
2021-09-13,HCC,Tangshan Hebei FOR,3430.0
2021-09-13,HCC,Jingtang Australia EXW,3790.0
2021-09-13,HCC,Tianjin Australia EXW,3650.0
2021-09-13,SSCC,Tangshan Hebei FOR,3030.0
2021-09-13,SSCC,Wuhai EXW,3052.0
2021-09-13,TC,GM DAP,375.0
2021-09-13,TC,Wuhai EXW,982.0
2021-09-20,HCC,GM EXW #5 Jinquan ,3550.0
2021-09-20,HCC,GM EXW #3,0.0
2021-09-20,HCC,Baotou EXW,3684.0
2021-09-20,HCC,Tangshan Hebei FOR,3730.0
2021-09-20,HCC,Jingtang Australia EXW,3840.0
2021-09-20,HCC,Tianjin Australia EXW,3700.0
2021-09-20,SSCC,Tangshan Hebei FOR,3303.0
2021-09-20,SSCC,Wuhai EXW,3160.0
2021-09-20,TC,GM DAP,400.0
2021-09-20,TC,Wuhai EXW,1090.0
2021-09-27,HCC,GM EXW #5 Jinquan ,3530.0
2021-09-27,HCC,GM EXW #3,0.0
2021-09-27,HCC,Baotou EXW,3684.0
2021-09-27,HCC,Tangshan Hebei FOR,3730.0
2021-09-27,HCC,Jingtang Australia EXW,3840.0
2021-09-27,HCC,Tianjin Australia EXW,3700.0
2021-09-27,SSCC,Tangshan Hebei FOR,3303.0
2021-09-27,SSCC,Wuhai EXW,3160.0
2021-09-27,TC,GM DAP,450.0
2021-09-27,TC,Wuhai EXW,1200.0
2021-10-04,HCC,GM EXW #5 Jinquan ,3530.0
2021-10-04,HCC,GM EXW #3,0.0
2021-10-04,HCC,Baotou EXW,3558.0
2021-10-04,HCC,Tangshan Hebei FOR,3730.0
2021-10-04,HCC,Jingtang Australia EXW,3840.0
2021-10-04,HCC,Tianjin Australia EXW,3700.0
2021-10-04,SSCC,Tangshan Hebei FOR,3303.0
2021-10-04,SSCC,Wuhai EXW,3052.0
2021-10-04,TC,GM DAP,420.0
2021-10-04,TC,Wuhai EXW,1306.0
2021-10-11,HCC,GM EXW #5 Jinquan ,3500.0
2021-10-11,HCC,GM EXW #3,0.0
2021-10-11,HCC,Baotou EXW,3495.0
2021-10-11,HCC,Tangshan Hebei FOR,3730.0
2021-10-11,HCC,Jingtang Australia EXW,3840.0
2021-10-11,HCC,Tianjin Australia EXW,3700.0
2021-10-11,SSCC,Tangshan Hebei FOR,3303.0
2021-10-11,SSCC,Wuhai EXW,2998.0
2021-10-11,TC,GM DAP,530.0
2021-10-11,TC,Wuhai EXW,1522.0
2021-10-18,HCC,GM EXW #5 Jinquan ,3400.0
2021-10-18,HCC,GM EXW #3,0.0
2021-10-18,HCC,Baotou EXW,3432.0
2021-10-18,HCC,Tangshan Hebei FOR,3730.0
2021-10-18,HCC,Jingtang Australia EXW,3740.0
2021-10-18,HCC,Tianjin Australia EXW,3600.0
2021-10-18,SSCC,Tangshan Hebei FOR,3303.0
2021-10-18,SSCC,Wuhai EXW,2944.0
2021-10-18,TC,GM DAP,550.0
2021-10-18,TC,Wuhai EXW,1770.0
2021-10-25,HCC,GM EXW #5 Jinquan ,3400.0
2021-10-25,HCC,GM EXW #3,0.0
2021-10-25,HCC,Baotou EXW,3558.0
2021-10-25,HCC,Tangshan Hebei FOR,3730.0
2021-10-25,HCC,Jingtang Australia EXW,3940.0
2021-10-25,HCC,Tianjin Australia EXW,3800.0
2021-10-25,SSCC,Tangshan Hebei FOR,3303.0
2021-10-25,SSCC,Wuhai EXW,3052.0
2021-10-25,TC,GM DAP,550.0
2021-10-25,TC,Wuhai EXW,1664.0
2021-11-01,HCC,GM EXW #5 Jinquan ,3350.0
2021-11-01,HCC,GM EXW #3,0.0
2021-11-01,HCC,Baotou EXW,3432.0
2021-11-01,HCC,Tangshan Hebei FOR,3730.0
2021-11-01,HCC,Jingtang Australia EXW,3940.0
2021-11-01,HCC,Tianjin Australia EXW,3800.0
2021-11-01,SSCC,Tangshan Hebei FOR,3303.0
2021-11-01,SSCC,Wuhai EXW,2944.0
2021-11-01,TC,GM DAP,550.0
2021-11-01,TC,Wuhai EXW,1036.0
2021-11-08,HCC,GM EXW #5 Jinquan ,3000.0
2021-11-08,HCC,GM EXW #3,0.0
2021-11-08,HCC,Baotou EXW,3432.0
2021-11-08,HCC,Tangshan Hebei FOR,3730.0
2021-11-08,HCC,Jingtang Australia EXW,3840.0
2021-11-08,HCC,Tianjin Australia EXW,3700.0
2021-11-08,SSCC,Tangshan Hebei FOR,3303.0
2021-11-08,SSCC,Wuhai EXW,2944.0
2021-11-08,TC,GM DAP,550.0
2021-11-08,TC,Wuhai EXW,990.0
2021-11-15,HCC,GM EXW #5 Jinquan ,2200.0
2021-11-15,HCC,GM EXW #3,0.0
2021-11-15,HCC,Baotou EXW,2424.0
2021-11-15,HCC,Tangshan Hebei FOR,3505.0
2021-11-15,HCC,Jingtang Australia EXW,3840.0
2021-11-15,HCC,Tianjin Australia EXW,3700.0
2021-11-15,SSCC,Tangshan Hebei FOR,3099.0
2021-11-15,SSCC,Wuhai EXW,2079.0
2021-11-15,TC,GM DAP,550.0
2021-11-15,TC,Wuhai EXW,933.0
2021-11-22,HCC,GM EXW #5 Jinquan ,1800.0
2021-11-22,HCC,GM EXW #3,0.0
2021-11-22,HCC,Baotou EXW,1920.0
2021-11-22,HCC,Tangshan Hebei FOR,3105.0
2021-11-22,HCC,Jingtang Australia EXW,3490.0
2021-11-22,HCC,Tianjin Australia EXW,3350.0
2021-11-22,SSCC,Tangshan Hebei FOR,2735.0
2021-11-22,SSCC,Wuhai EXW,1647.0
2021-11-22,TC,GM DAP,550.0
2021-11-22,TC,Wuhai EXW,940.0
2021-11-29,HCC,GM EXW #5 Jinquan ,1700.0
2021-11-29,HCC,GM EXW #3,0.0
2021-11-29,HCC,Baotou EXW,1668.0
2021-11-29,HCC,Tangshan Hebei FOR,3105.0
2021-11-29,HCC,Jingtang Australia EXW,3490.0
2021-11-29,HCC,Tianjin Australia EXW,3350.0
2021-11-29,SSCC,Tangshan Hebei FOR,2735.0
2021-11-29,SSCC,Wuhai EXW,1430.0
2021-11-29,TC,GM DAP,550.0
2021-11-29,TC,Wuhai EXW,962.0
2021-12-06,HCC,GM EXW #5 Jinquan ,1900.0
2021-12-06,HCC,GM EXW #3,0.0
2021-12-06,HCC,Baotou EXW,1857.0
2021-12-06,HCC,Tangshan Hebei FOR,2605.0
2021-12-06,HCC,Jingtang Australia EXW,3490.0
2021-12-06,HCC,Tianjin Australia EXW,3350.0
2021-12-06,SSCC,Tangshan Hebei FOR,2280.0
2021-12-06,SSCC,Wuhai EXW,1592.0
2021-12-06,TC,GM DAP,550.0
2021-12-06,TC,Wuhai EXW,963.0
2021-12-13,HCC,GM EXW #5 Jinquan ,2000.0
2021-12-13,HCC,GM EXW #3,0.0
2021-12-13,HCC,Baotou EXW,2109.0
2021-12-13,HCC,Tangshan Hebei FOR,2605.0
2021-12-13,HCC,Jingtang Australia EXW,2440.0
2021-12-13,HCC,Tianjin Australia EXW,3350.0
2021-12-13,SSCC,Tangshan Hebei FOR,2280.0
2021-12-13,SSCC,Wuhai EXW,1809.0
2021-12-13,TC,GM DAP,530.0
2021-12-13,TC,Wuhai EXW,910.0
2021-12-20,HCC,GM EXW #5 Jinquan ,2060.0
2021-12-20,HCC,GM EXW #3,0.0
2021-12-20,HCC,Baotou EXW,2109.0
2021-12-20,HCC,Tangshan Hebei FOR,2405.0
2021-12-20,HCC,Jingtang Australia EXW,2440.0
2021-12-20,HCC,Tianjin Australia EXW,2150.0
2021-12-20,SSCC,Tangshan Hebei FOR,2098.0
2021-12-20,SSCC,Wuhai EXW,1809.0
2021-12-20,TC,GM DAP,530.0
2021-12-20,TC,Wuhai EXW,872.0
2021-12-27,HCC,GM EXW #5 Jinquan ,2080.0
2021-12-27,HCC,GM EXW #3,0.0
2021-12-27,HCC,Baotou EXW,2235.0
2021-12-27,HCC,Tangshan Hebei FOR,2405.0
2021-12-27,HCC,Jingtang Australia EXW,2390.0
2021-12-27,HCC,Tianjin Australia EXW,2150.0
2021-12-27,SSCC,Tangshan Hebei FOR,2098.0
2021-12-27,SSCC,Wuhai EXW,1917.0
2021-12-27,TC,GM DAP,530.0
2021-12-27,TC,Wuhai EXW,740.0
2022-01-03,HCC,GM EXW #5 Jinquan ,2200.0
2022-01-03,HCC,GM EXW #3,0.0
2022-01-03,HCC,Baotou EXW,2298.0
2022-01-03,HCC,Tangshan Hebei FOR,2405.0
2022-01-03,HCC,Jingtang Australia EXW,2490.0
2022-01-03,HCC,Tianjin Australia EXW,2150.0
2022-01-03,SSCC,Tangshan Hebei FOR,2098.0
2022-01-03,SSCC,Wuhai EXW,1971.0
2022-01-03,TC,GM DAP,530.0
2022-01-03,TC,Wuhai EXW,685.0
2022-01-10,HCC,GM EXW #5 Jinquan ,2280.0
2022-01-10,HCC,GM EXW #3,0.0
2022-01-10,HCC,Baotou EXW,2487.0
2022-01-10,HCC,Tangshan Hebei FOR,2455.0
2022-01-10,HCC,Jingtang Australia EXW,2690.0
2022-01-10,HCC,Tianjin Australia EXW,2350.0
2022-01-10,SSCC,Tangshan Hebei FOR,2143.0
2022-01-10,SSCC,Wuhai EXW,2133.0
2022-01-10,TC,GM DAP,530.0
2022-01-10,TC,Wuhai EXW,739.0
2022-01-17,HCC,GM EXW #5 Jinquan ,2400.0
2022-01-17,HCC,GM EXW #3,0.0
2022-01-17,HCC,Baotou EXW,2676.0
2022-01-17,HCC,Tangshan Hebei FOR,2805.0
2022-01-17,HCC,Jingtang Australia EXW,2690.0
2022-01-17,HCC,Tianjin Australia EXW,2350.0
2022-01-17,SSCC,Tangshan Hebei FOR,2462.0
2022-01-17,SSCC,Wuhai EXW,2295.0
2022-01-17,TC,GM DAP,530.0
2022-01-17,TC,Wuhai EXW,822.0
2022-01-24,HCC,GM EXW #5 Jinquan ,2450.0
2022-01-24,HCC,GM EXW #3,0.0
2022-01-24,HCC,Baotou EXW,2676.0
2022-01-24,HCC,Tangshan Hebei FOR,2805.0
2022-01-24,HCC,Jingtang Australia EXW,2690.0
2022-01-24,HCC,Tianjin Australia EXW,2350.0
2022-01-24,SSCC,Tangshan Hebei FOR,2462.0
2022-01-24,SSCC,Wuhai EXW,2295.0
2022-01-24,TC,GM DAP,530.0
2022-01-24,TC,Wuhai EXW,860.0
2022-01-31,HCC,GM EXW #5 Jinquan ,2450.0
2022-01-31,HCC,GM EXW #3,0.0
2022-01-31,HCC,Baotou EXW,2550.0
2022-01-31,HCC,Tangshan Hebei FOR,2805.0
2022-01-31,HCC,Jingtang Australia EXW,2690.0
2022-01-31,HCC,Tianjin Australia EXW,2200.0
2022-01-31,SSCC,Tangshan Hebei FOR,2462.0
2022-01-31,SSCC,Wuhai EXW,2187.0
2022-01-31,TC,GM DAP,530.0
2022-01-31,TC,Wuhai EXW,886.0
2022-02-07,HCC,GM EXW #5 Jinquan ,2450.0
2022-02-07,HCC,GM EXW #3,0.0
2022-02-07,HCC,Baotou EXW,2550.0
2022-02-07,HCC,Tangshan Hebei FOR,2805.0
2022-02-07,HCC,Jingtang Australia EXW,2490.0
2022-02-07,HCC,Tianjin Australia EXW,2200.0
2022-02-07,SSCC,Tangshan Hebei FOR,2462.0
2022-02-07,SSCC,Wuhai EXW,2187.0
2022-02-07,TC,GM DAP,530.0
2022-02-07,TC,Wuhai EXW,888.0
2022-02-14,HCC,GM EXW #5 Jinquan ,2300.0
2022-02-14,HCC,GM EXW #3,0.0
2022-02-14,HCC,Baotou EXW,2298.0
2022-02-14,HCC,Tangshan Hebei FOR,2655.0
2022-02-14,HCC,Jingtang Australia EXW,2490.0
2022-02-14,HCC,Tianjin Australia EXW,2200.0
2022-02-14,SSCC,Tangshan Hebei FOR,2325.0
2022-02-14,SSCC,Wuhai EXW,1971.0
2022-02-14,TC,GM DAP,530.0
2022-02-14,TC,Wuhai EXW,782.0
2022-02-21,HCC,GM EXW #5 Jinquan ,2300.0
2022-02-21,HCC,GM EXW #3,0.0
2022-02-21,HCC,Baotou EXW,2424.0
2022-02-21,HCC,Tangshan Hebei FOR,2655.0
2022-02-21,HCC,Jingtang Australia EXW,2490.0
2022-02-21,HCC,Tianjin Australia EXW,2200.0
2022-02-21,SSCC,Tangshan Hebei FOR,2325.0
2022-02-21,SSCC,Wuhai EXW,2079.0
2022-02-21,TC,GM DAP,530.0
2022-02-21,TC,Wuhai EXW,762.0
2022-02-28,HCC,GM EXW #5 Jinquan ,2450.0
2022-02-28,HCC,GM EXW #3,0.0
2022-02-28,HCC,Baotou EXW,2613.0
2022-02-28,HCC,Tangshan Hebei FOR,2655.0
2022-02-28,HCC,Jingtang Australia EXW,2690.0
2022-02-28,HCC,Tianjin Australia EXW,2450.0
2022-02-28,SSCC,Tangshan Hebei FOR,2325.0
2022-02-28,SSCC,Wuhai EXW,2241.0
2022-02-28,TC,GM DAP,530.0
2022-02-28,TC,Wuhai EXW,760.0
2022-03-07,HCC,GM EXW #5 Jinquan ,2500.0
2022-03-07,HCC,GM EXW #3,0.0
2022-03-07,HCC,Baotou EXW,2802.0
2022-03-07,HCC,Tangshan Hebei FOR,2965.0
2022-03-07,HCC,Jingtang Australia EXW,2990.0
2022-03-07,HCC,Tianjin Australia EXW,2700.0
2022-03-07,SSCC,Tangshan Hebei FOR,2607.0
2022-03-07,SSCC,Wuhai EXW,2403.0
2022-03-07,TC,GM DAP,530.0
2022-03-07,TC,Wuhai EXW,795.0
2022-03-14,HCC,GM EXW #5 Jinquan ,3000.0
2022-03-14,HCC,GM EXW #3,0.0
2022-03-14,HCC,Baotou EXW,3117.0
2022-03-14,HCC,Tangshan Hebei FOR,3065.0
2022-03-14,HCC,Jingtang Australia EXW,3390.0
2022-03-14,HCC,Tianjin Australia EXW,3000.0
2022-03-14,SSCC,Tangshan Hebei FOR,2698.0
2022-03-14,SSCC,Wuhai EXW,2673.0
2022-03-14,TC,GM DAP,540.0
2022-03-14,TC,Wuhai EXW,980.0
2022-03-21,HCC,GM EXW #5 Jinquan ,3000.0
2022-03-21,HCC,GM EXW #3,0.0
2022-03-21,HCC,Baotou EXW,3117.0
2022-03-21,HCC,Tangshan Hebei FOR,3065.0
2022-03-21,HCC,Jingtang Australia EXW,3390.0
2022-03-21,HCC,Tianjin Australia EXW,3000.0
2022-03-21,SSCC,Tangshan Hebei FOR,2698.0
2022-03-21,SSCC,Wuhai EXW,2673.0
2022-03-21,TC,GM DAP,540.0
2022-03-21,TC,Wuhai EXW,978.0
2022-03-28,HCC,GM EXW #5 Jinquan ,2900.0
2022-03-28,HCC,GM EXW #3,0.0
2022-03-28,HCC,Baotou EXW,2865.0
2022-03-28,HCC,Tangshan Hebei FOR,3065.0
2022-03-28,HCC,Jingtang Australia EXW,3390.0
2022-03-28,HCC,Tianjin Australia EXW,3000.0
2022-03-28,SSCC,Tangshan Hebei FOR,2698.0
2022-03-28,SSCC,Wuhai EXW,2457.0
2022-03-28,TC,GM DAP,540.0
2022-03-28,TC,Wuhai EXW,1018.0
2022-04-04,HCC,GM EXW #5 Jinquan ,2900.0
2022-04-04,HCC,GM EXW #3,0.0
2022-04-04,HCC,Baotou EXW,2903.0
2022-04-04,HCC,Tangshan Hebei FOR,3065.0
2022-04-04,HCC,Jingtang Australia EXW,3390.0
2022-04-04,HCC,Tianjin Australia EXW,3000.0
2022-04-04,SSCC,Tangshan Hebei FOR,2698.0
2022-04-04,SSCC,Wuhai EXW,2490.0
2022-04-04,TC,GM DAP,540.0
2022-04-04,TC,Wuhai EXW,972.0
2022-04-11,HCC,GM EXW #5 Jinquan ,2950.0
2022-04-11,HCC,GM EXW #3,0.0
2022-04-11,HCC,Baotou EXW,2991.0
2022-04-11,HCC,Tangshan Hebei FOR,3065.0
2022-04-11,HCC,Jingtang Australia EXW,3490.0
2022-04-11,HCC,Tianjin Australia EXW,3100.0
2022-04-11,SSCC,Tangshan Hebei FOR,2698.0
2022-04-11,SSCC,Wuhai EXW,2565.0
2022-04-11,TC,GM DAP,540.0
2022-04-11,TC,Wuhai EXW,929.0
2022-04-18,HCC,GM EXW #5 Jinquan ,2950.0
2022-04-18,HCC,GM EXW #3,0.0
2022-04-18,HCC,Baotou EXW,3054.0
2022-04-18,HCC,Tangshan Hebei FOR,3455.0
2022-04-18,HCC,Jingtang Australia EXW,3590.0
2022-04-18,HCC,Tianjin Australia EXW,3200.0
2022-04-18,SSCC,Tangshan Hebei FOR,3053.0
2022-04-18,SSCC,Wuhai EXW,2619.0
2022-04-18,TC,GM DAP,540.0
2022-04-18,TC,Wuhai EXW,861.0
2022-04-25,HCC,GM EXW #5 Jinquan ,3000.0
2022-04-25,HCC,GM EXW #3,0.0
2022-04-25,HCC,Baotou EXW,3306.0
2022-04-25,HCC,Tangshan Hebei FOR,3655.0
2022-04-25,HCC,Jingtang Australia EXW,3640.0
2022-04-25,HCC,Tianjin Australia EXW,3250.0
2022-04-25,SSCC,Tangshan Hebei FOR,3235.0
2022-04-25,SSCC,Wuhai EXW,2836.0
2022-04-25,TC,GM DAP,540.0
2022-04-25,TC,Wuhai EXW,837.0
2022-05-02,HCC,GM EXW #5 Jinquan ,3000.0
2022-05-02,HCC,GM EXW #3,0.0
2022-05-02,HCC,Baotou EXW,3180.0
2022-05-02,HCC,Tangshan Hebei FOR,3655.0
2022-05-02,HCC,Jingtang Australia EXW,3590.0
2022-05-02,HCC,Tianjin Australia EXW,3200.0
2022-05-02,SSCC,Tangshan Hebei FOR,3235.0
2022-05-02,SSCC,Wuhai EXW,2728.0
2022-05-02,TC,GM DAP,540.0
2022-05-02,TC,Wuhai EXW,837.0
2022-05-09,HCC,GM EXW #5 Jinquan ,2750.0
2022-05-09,HCC,GM EXW #3,0.0
2022-05-09,HCC,Baotou EXW,3054.0
2022-05-09,HCC,Tangshan Hebei FOR,3655.0
2022-05-09,HCC,Jingtang Australia EXW,3590.0
2022-05-09,HCC,Tianjin Australia EXW,3200.0
2022-05-09,SSCC,Tangshan Hebei FOR,3235.0
2022-05-09,SSCC,Wuhai EXW,2619.0
2022-05-09,TC,GM DAP,540.0
2022-05-09,TC,Wuhai EXW,837.0
2022-05-16,HCC,GM EXW #5 Jinquan ,2550.0
2022-05-16,HCC,GM EXW #3,0.0
2022-05-16,HCC,Baotou EXW,2865.0
2022-05-16,HCC,Tangshan Hebei FOR,3305.0
2022-05-16,HCC,Jingtang Australia EXW,3440.0
2022-05-16,HCC,Tianjin Australia EXW,3050.0
2022-05-16,SSCC,Tangshan Hebei FOR,2917.0
2022-05-16,SSCC,Wuhai EXW,2457.0
2022-05-16,TC,GM DAP,540.0
2022-05-16,TC,Wuhai EXW,837.0
2022-05-23,HCC,GM EXW #5 Jinquan ,2500.0
2022-05-23,HCC,GM EXW #3,0.0
2022-05-23,HCC,Baotou EXW,2865.0
2022-05-23,HCC,Tangshan Hebei FOR,3155.0
2022-05-23,HCC,Jingtang Australia EXW,3490.0
2022-05-23,HCC,Tianjin Australia EXW,3100.0
2022-05-23,SSCC,Tangshan Hebei FOR,2780.0
2022-05-23,SSCC,Wuhai EXW,2457.0
2022-05-23,TC,GM DAP,540.0
2022-05-23,TC,Wuhai EXW,837.0
2022-05-30,HCC,GM EXW #5 Jinquan ,2500.0
2022-05-30,HCC,GM EXW #3,0.0
2022-05-30,HCC,Baotou EXW,2928.0
2022-05-30,HCC,Tangshan Hebei FOR,3005.0
2022-05-30,HCC,Jingtang Australia EXW,3190.0
2022-05-30,HCC,Tianjin Australia EXW,2800.0
2022-05-30,SSCC,Tangshan Hebei FOR,2644.0
2022-05-30,SSCC,Wuhai EXW,2511.0
2022-05-30,TC,GM DAP,540.0
2022-05-30,TC,Wuhai EXW,837.0
2022-06-06,HCC,GM EXW #5 Jinquan ,2550.0
2022-06-06,HCC,GM EXW #3,0.0
2022-06-06,HCC,Baotou EXW,2928.0
2022-06-06,HCC,Tangshan Hebei FOR,3005.0
2022-06-06,HCC,Jingtang Australia EXW,3190.0
2022-06-06,HCC,Tianjin Australia EXW,2800.0
2022-06-06,SSCC,Tangshan Hebei FOR,2644.0
2022-06-06,SSCC,Wuhai EXW,2511.0
2022-06-06,TC,GM DAP,540.0
2022-06-06,TC,Wuhai EXW,837.0
2022-06-13,HCC,GM EXW #5 Jinquan ,2680.0
2022-06-13,HCC,GM EXW #3,0.0
2022-06-13,HCC,Baotou EXW,3117.0
2022-06-13,HCC,Tangshan Hebei FOR,3055.0
2022-06-13,HCC,Jingtang Australia EXW,3290.0
2022-06-13,HCC,Tianjin Australia EXW,2900.0
2022-06-13,SSCC,Tangshan Hebei FOR,2689.0
2022-06-13,SSCC,Wuhai EXW,2728.0
2022-06-13,TC,GM DAP,540.0
2022-06-13,TC,Wuhai EXW,837.0
2022-06-20,HCC,GM EXW #5 Jinquan ,2700.0
2022-06-20,HCC,GM EXW #3,0.0
2022-06-20,HCC,Baotou EXW,3117.0
2022-06-20,HCC,Tangshan Hebei FOR,3055.0
2022-06-20,HCC,Jingtang Australia EXW,3290.0
2022-06-20,HCC,Tianjin Australia EXW,2900.0
2022-06-20,SSCC,Tangshan Hebei FOR,2689.0
2022-06-20,SSCC,Wuhai EXW,2673.0
2022-06-20,TC,GM DAP,540.0
2022-06-20,TC,Wuhai EXW,837.0
2022-06-27,HCC,GM EXW #5 Jinquan ,2550.0
2022-06-27,HCC,GM EXW #3,0.0
2022-06-27,HCC,Baotou EXW,2739.0
2022-06-27,HCC,Tangshan Hebei FOR,3055.0
2022-06-27,HCC,Jingtang Australia EXW,3090.0
2022-06-27,HCC,Tianjin Australia EXW,2700.0
2022-06-27,SSCC,Tangshan Hebei FOR,2689.0
2022-06-27,SSCC,Wuhai EXW,2349.0
2022-06-27,TC,GM DAP,540.0
2022-06-27,TC,Wuhai EXW,837.0
2022-07-04,HCC,GM EXW #5 Jinquan ,2300.0
2022-07-04,HCC,GM EXW #3,0.0
2022-07-04,HCC,Baotou EXW,2739.0
2022-07-04,HCC,Tangshan Hebei FOR,3005.0
2022-07-04,HCC,Jingtang Australia EXW,2940.0
2022-07-04,HCC,Tianjin Australia EXW,2700.0
2022-07-04,SSCC,Tangshan Hebei FOR,2644.0
2022-07-04,SSCC,Wuhai EXW,2349.0
2022-07-04,TC,GM DAP,540.0
2022-07-04,TC,Wuhai EXW,837.0
2022-07-11,HCC,GM EXW #5 Jinquan ,2300.0
2022-07-11,HCC,GM EXW #3,0.0
2022-07-11,HCC,Baotou EXW,2676.0
2022-07-11,HCC,Tangshan Hebei FOR,2855.0
2022-07-11,HCC,Jingtang Australia EXW,2940.0
2022-07-11,HCC,Tianjin Australia EXW,2700.0
2022-07-11,SSCC,Tangshan Hebei FOR,2507.0
2022-07-11,SSCC,Wuhai EXW,2295.0
2022-07-11,TC,GM DAP,540.0
2022-07-11,TC,Wuhai EXW,837.0
2022-07-18,HCC,GM EXW #5 Jinquan ,2150.0
2022-07-18,HCC,GM EXW #3,0.0
2022-07-18,HCC,Baotou EXW,2424.0
2022-07-18,HCC,Tangshan Hebei FOR,2705.0
2022-07-18,HCC,Jingtang Australia EXW,2840.0
2022-07-18,HCC,Tianjin Australia EXW,2600.0
2022-07-18,SSCC,Tangshan Hebei FOR,2371.0
2022-07-18,SSCC,Wuhai EXW,2079.0
2022-07-18,TC,GM DAP,540.0
2022-07-18,TC,Wuhai EXW,837.0
2022-07-25,HCC,GM EXW #5 Jinquan ,1900.0
2022-07-25,HCC,GM EXW #3,0.0
2022-07-25,HCC,Baotou EXW,2172.0
2022-07-25,HCC,Tangshan Hebei FOR,2705.0
2022-07-25,HCC,Jingtang Australia EXW,2490.0
2022-07-25,HCC,Tianjin Australia EXW,2250.0
2022-07-25,SSCC,Tangshan Hebei FOR,2371.0
2022-07-25,SSCC,Wuhai EXW,1863.0
2022-07-25,TC,GM DAP,540.0
2022-07-25,TC,Wuhai EXW,837.0
2022-08-01,HCC,GM EXW #5 Jinquan ,1800.0
2022-08-01,HCC,GM EXW #3,0.0
2022-08-01,HCC,Baotou EXW,2046.0
2022-08-01,HCC,Tangshan Hebei FOR,2705.0
2022-08-01,HCC,Jingtang Australia EXW,2340.0
2022-08-01,HCC,Tianjin Australia EXW,2100.0
2022-08-01,SSCC,Tangshan Hebei FOR,2371.0
2022-08-01,SSCC,Wuhai EXW,1755.0
2022-08-01,TC,GM DAP,540.0
2022-08-01,TC,Wuhai EXW,837.0
2022-08-08,HCC,GM EXW #5 Jinquan ,1850.0
2022-08-08,HCC,GM EXW #3,0.0
2022-08-08,HCC,Baotou EXW,2109.0
2022-08-08,HCC,Tangshan Hebei FOR,2705.0
2022-08-08,HCC,Jingtang Australia EXW,2340.0
2022-08-08,HCC,Tianjin Australia EXW,2100.0
2022-08-08,SSCC,Tangshan Hebei FOR,2371.0
2022-08-08,SSCC,Wuhai EXW,1809.0
2022-08-08,TC,GM DAP,540.0
2022-08-08,TC,Wuhai EXW,837.0
2022-08-15,HCC,GM EXW #5 Jinquan ,1850.0
2022-08-15,HCC,GM EXW #3,0.0
2022-08-15,HCC,Baotou EXW,2109.0
2022-08-15,HCC,Tangshan Hebei FOR,2705.0
2022-08-15,HCC,Jingtang Australia EXW,2340.0
2022-08-15,HCC,Tianjin Australia EXW,2100.0
2022-08-15,SSCC,Tangshan Hebei FOR,2371.0
2022-08-15,SSCC,Wuhai EXW,1809.0
2022-08-15,TC,GM DAP,540.0
2022-08-15,TC,Wuhai EXW,843.0
2022-08-22,HCC,GM EXW #5 Jinquan ,1900.0
2022-08-22,HCC,GM EXW #3,0.0
2022-08-22,HCC,Baotou EXW,2235.0
2022-08-22,HCC,Tangshan Hebei FOR,2705.0
2022-08-22,HCC,Jingtang Australia EXW,2390.0
2022-08-22,HCC,Tianjin Australia EXW,2150.0
2022-08-22,SSCC,Tangshan Hebei FOR,2371.0
2022-08-22,SSCC,Wuhai EXW,1917.0
2022-08-22,TC,GM DAP,540.0
2022-08-22,TC,Wuhai EXW,890.0
2022-08-29,HCC,GM EXW #5 Jinquan ,1900.0
2022-08-29,HCC,GM EXW #3,0.0
2022-08-29,HCC,Baotou EXW,2109.0
2022-08-29,HCC,Tangshan Hebei FOR,2475.0
2022-08-29,HCC,Jingtang Australia EXW,2390.0
2022-08-29,HCC,Tianjin Australia EXW,2150.0
2022-08-29,SSCC,Tangshan Hebei FOR,2161.0
2022-08-29,SSCC,Wuhai EXW,1809.0
2022-08-29,TC,GM DAP,540.0
2022-08-29,TC,Wuhai EXW,934.0
2022-09-05,HCC,GM EXW #5 Jinquan ,1830.0
2022-09-05,HCC,GM EXW #3,0.0
2022-09-05,HCC,Baotou EXW,2046.0
2022-09-05,HCC,Tangshan Hebei FOR,2475.0
2022-09-05,HCC,Jingtang Australia EXW,2390.0
2022-09-05,HCC,Tianjin Australia EXW,2150.0
2022-09-05,SSCC,Tangshan Hebei FOR,2161.0
2022-09-05,SSCC,Wuhai EXW,1755.0
2022-09-05,TC,GM DAP,540.0
2022-09-05,TC,Wuhai EXW,978.0
2022-09-12,HCC,GM EXW #5 Jinquan ,1800.0
2022-09-12,HCC,GM EXW #3,0.0
2022-09-12,HCC,Baotou EXW,2046.0
2022-09-12,HCC,Tangshan Hebei FOR,2475.0
2022-09-12,HCC,Jingtang Australia EXW,2390.0
2022-09-12,HCC,Tianjin Australia EXW,2150.0
2022-09-12,SSCC,Tangshan Hebei FOR,2161.0
2022-09-12,SSCC,Wuhai EXW,1755.0
2022-09-12,TC,GM DAP,540.0
2022-09-12,TC,Wuhai EXW,995.0
2022-09-19,HCC,GM EXW #5 Jinquan ,1900.0
2022-09-19,HCC,GM EXW #3,0.0
2022-09-19,HCC,Baotou EXW,2109.0
2022-09-19,HCC,Tangshan Hebei FOR,2475.0
2022-09-19,HCC,Jingtang Australia EXW,2410.0
2022-09-19,HCC,Tianjin Australia EXW,2170.0
2022-09-19,SSCC,Tangshan Hebei FOR,2161.0
2022-09-19,SSCC,Wuhai EXW,1809.0
2022-09-19,TC,GM DAP,540.0
2022-09-19,TC,Wuhai EXW,1018.0
2022-09-26,HCC,GM EXW #5 Jinquan ,2050.0
2022-09-26,HCC,GM EXW #3,0.0
2022-09-26,HCC,Baotou EXW,2235.0
2022-09-26,HCC,Tangshan Hebei FOR,2545.0
2022-09-26,HCC,Jingtang Australia EXW,2465.0
2022-09-26,HCC,Tianjin Australia EXW,2225.0
2022-09-26,SSCC,Tangshan Hebei FOR,2225.0
2022-09-26,SSCC,Wuhai EXW,1917.0
2022-09-26,TC,GM DAP,540.0
2022-09-26,TC,Wuhai EXW,1063.0
2022-10-03,HCC,GM EXW #5 Jinquan ,2050.0
2022-10-03,HCC,GM EXW #3,0.0
2022-10-03,HCC,Baotou EXW,2235.0
2022-10-03,HCC,Tangshan Hebei FOR,2545.0
2022-10-03,HCC,Jingtang Australia EXW,2465.0
2022-10-03,HCC,Tianjin Australia EXW,2225.0
2022-10-03,SSCC,Tangshan Hebei FOR,2225.0
2022-10-03,SSCC,Wuhai EXW,1917.0
2022-10-03,TC,GM DAP,540.0
2022-10-03,TC,Wuhai EXW,1093.0
2022-10-10,HCC,GM EXW #5 Jinquan ,2050.0
2022-10-10,HCC,GM EXW #3,0.0
2022-10-10,HCC,Baotou EXW,2361.0
2022-10-10,HCC,Tangshan Hebei FOR,2595.0
2022-10-10,HCC,Jingtang Australia EXW,2465.0
2022-10-10,HCC,Tianjin Australia EXW,2225.0
2022-10-10,SSCC,Tangshan Hebei FOR,2270.0
2022-10-10,SSCC,Wuhai EXW,2025.0
2022-10-10,TC,GM DAP,545.0
2022-10-10,TC,Wuhai EXW,1103.0
2022-10-17,HCC,GM EXW #5 Jinquan ,2130.0
2022-10-17,HCC,GM EXW #3,0.0
2022-10-17,HCC,Baotou EXW,2361.0
2022-10-17,HCC,Tangshan Hebei FOR,2595.0
2022-10-17,HCC,Jingtang Australia EXW,2565.0
2022-10-17,HCC,Tianjin Australia EXW,2325.0
2022-10-17,SSCC,Tangshan Hebei FOR,2270.0
2022-10-17,SSCC,Wuhai EXW,2025.0
2022-10-17,TC,GM DAP,545.0
2022-10-17,TC,Wuhai EXW,1108.0
2022-10-24,HCC,GM EXW #5 Jinquan ,2130.0
2022-10-24,HCC,GM EXW #3,0.0
2022-10-24,HCC,Baotou EXW,2361.0
2022-10-24,HCC,Tangshan Hebei FOR,2595.0
2022-10-24,HCC,Jingtang Australia EXW,2565.0
2022-10-24,HCC,Tianjin Australia EXW,2325.0
2022-10-24,SSCC,Tangshan Hebei FOR,2270.0
2022-10-24,SSCC,Wuhai EXW,2025.0
2022-10-24,TC,GM DAP,545.0
2022-10-24,TC,Wuhai EXW,1118.0
2022-10-31,HCC,GM EXW #5 Jinquan ,2100.0
2022-10-31,HCC,GM EXW #3,0.0
2022-10-31,HCC,Baotou EXW,2361.0
2022-10-31,HCC,Tangshan Hebei FOR,2595.0
2022-10-31,HCC,Jingtang Australia EXW,2540.0
2022-10-31,HCC,Tianjin Australia EXW,2300.0
2022-10-31,SSCC,Tangshan Hebei FOR,2270.0
2022-10-31,SSCC,Wuhai EXW,2025.0
2022-10-31,TC,GM DAP,548.0
2022-10-31,TC,Wuhai EXW,1122.0
2022-11-07,HCC,GM EXW #5 Jinquan ,1950.0
2022-11-07,HCC,GM EXW #3,0.0
2022-11-07,HCC,Baotou EXW,2172.0
2022-11-07,HCC,Tangshan Hebei FOR,2490.0
2022-11-07,HCC,Jingtang Australia EXW,2490.0
2022-11-07,HCC,Tianjin Australia EXW,2250.0
2022-11-07,SSCC,Tangshan Hebei FOR,2175.0
2022-11-07,SSCC,Wuhai EXW,1863.0
2022-11-07,TC,GM DAP,548.0
2022-11-07,TC,Wuhai EXW,1122.0
2022-11-14,HCC,GM EXW #5 Jinquan ,1850.0
2022-11-14,HCC,GM EXW #3,0.0
2022-11-14,HCC,Baotou EXW,2109.0
2022-11-14,HCC,Tangshan Hebei FOR,2490.0
2022-11-14,HCC,Jingtang Australia EXW,2440.0
2022-11-14,HCC,Tianjin Australia EXW,2200.0
2022-11-14,SSCC,Tangshan Hebei FOR,2175.0
2022-11-14,SSCC,Wuhai EXW,1809.0
2022-11-14,TC,GM DAP,548.0
2022-11-14,TC,Wuhai EXW,1122.0
2022-11-21,HCC,GM EXW #5 Jinquan ,1880.0
2022-11-21,HCC,GM EXW #3,0.0
2022-11-21,HCC,Baotou EXW,2172.0
2022-11-21,HCC,Tangshan Hebei FOR,2490.0
2022-11-21,HCC,Jingtang Australia EXW,2490.0
2022-11-21,HCC,Tianjin Australia EXW,2250.0
2022-11-21,SSCC,Tangshan Hebei FOR,2175.0
2022-11-21,SSCC,Wuhai EXW,1863.0
2022-11-21,TC,GM DAP,548.0
2022-11-21,TC,Wuhai EXW,1120.0
2022-11-28,HCC,GM EXW #5 Jinquan ,1900.0
2022-11-28,HCC,GM EXW #3,0.0
2022-11-28,HCC,Baotou EXW,2235.0
2022-11-28,HCC,Tangshan Hebei FOR,2490.0
2022-11-28,HCC,Jingtang Australia EXW,2490.0
2022-11-28,HCC,Tianjin Australia EXW,2250.0
2022-11-28,SSCC,Tangshan Hebei FOR,2175.0
2022-11-28,SSCC,Wuhai EXW,1917.0
2022-11-28,TC,GM DAP,545.0
2022-11-28,TC,Wuhai EXW,1008.0
2022-12-05,HCC,GM EXW #5 Jinquan ,2000.0
2022-12-05,HCC,GM EXW #3,0.0
2022-12-05,HCC,Baotou EXW,2361.0
2022-12-05,HCC,Tangshan Hebei FOR,2540.0
2022-12-05,HCC,Jingtang Australia EXW,2520.0
2022-12-05,HCC,Tianjin Australia EXW,2280.0
2022-12-05,SSCC,Tangshan Hebei FOR,2220.0
2022-12-05,SSCC,Wuhai EXW,2025.0
2022-12-05,TC,GM DAP,545.0
2022-12-05,TC,Wuhai EXW,1010.0
2022-12-12,HCC,GM EXW #5 Jinquan ,2000.0
2022-12-12,HCC,GM EXW #3,0.0
2022-12-12,HCC,Baotou EXW,2424.0
2022-12-12,HCC,Tangshan Hebei FOR,2610.0
2022-12-12,HCC,Jingtang Australia EXW,2540.0
2022-12-12,HCC,Tianjin Australia EXW,2300.0
2022-12-12,SSCC,Tangshan Hebei FOR,2284.0
2022-12-12,SSCC,Wuhai EXW,2079.0
2022-12-12,TC,GM DAP,610.0
2022-12-12,TC,Wuhai EXW,1035.0
2022-12-19,HCC,GM EXW #5 Jinquan ,2000.0
2022-12-19,HCC,GM EXW #3,0.0
2022-12-19,HCC,Baotou EXW,2487.0
2022-12-19,HCC,Tangshan Hebei FOR,2760.0
2022-12-19,HCC,Jingtang Australia EXW,2540.0
2022-12-19,HCC,Tianjin Australia EXW,2300.0
2022-12-19,SSCC,Tangshan Hebei FOR,2421.0
2022-12-19,SSCC,Wuhai EXW,2133.0
2022-12-19,TC,GM DAP,700.0
2022-12-19,TC,Wuhai EXW,1035.0
2022-12-26,HCC,GM EXW #5 Jinquan ,2000.0
2022-12-26,HCC,GM EXW #3,0.0
2022-12-26,HCC,Baotou EXW,2487.0
2022-12-26,HCC,Tangshan Hebei FOR,2760.0
2022-12-26,HCC,Jingtang Australia EXW,2540.0
2022-12-26,HCC,Tianjin Australia EXW,2300.0
2022-12-26,SSCC,Tangshan Hebei FOR,2421.0
2022-12-26,SSCC,Wuhai EXW,2133.0
2022-12-26,TC,GM DAP,700.0
2022-12-26,TC,Wuhai EXW,1024.0
2023-01-02,HCC,GM EXW #5 Jinquan ,2000.0
2023-01-02,HCC,GM EXW #3,1830.0
2023-01-02,HCC,Baotou EXW,2386.0
2023-01-02,HCC,Tangshan Hebei FOR,2760.0
2023-01-02,HCC,Jingtang Australia EXW,2540.0
2023-01-02,HCC,Tianjin Australia EXW,2300.0
2023-01-02,SSCC,Tangshan Hebei FOR,2421.0
2023-01-02,SSCC,Wuhai EXW,2046.0
2023-01-02,TC,GM DAP,700.0
2023-01-02,TC,Wuhai EXW,1010.0
2023-01-09,HCC,GM EXW #5 Jinquan ,1930.0
2023-01-09,HCC,GM EXW #3,1700.0
2023-01-09,HCC,Baotou EXW,2361.0
2023-01-09,HCC,Tangshan Hebei FOR,2680.0
2023-01-09,HCC,Jingtang Australia EXW,2490.0
2023-01-09,HCC,Tianjin Australia EXW,2250.0
2023-01-09,SSCC,Tangshan Hebei FOR,2348.0
2023-01-09,SSCC,Wuhai EXW,2025.0
2023-01-09,TC,GM DAP,700.0
2023-01-09,TC,Wuhai EXW,1013.0
2023-01-16,HCC,GM EXW #5 Jinquan ,1930.0
2023-01-16,HCC,GM EXW #3,1700.0
2023-01-16,HCC,Baotou EXW,2361.0
2023-01-16,HCC,Tangshan Hebei FOR,2670.0
2023-01-16,HCC,Jingtang Australia EXW,2440.0
2023-01-16,HCC,Tianjin Australia EXW,2200.0
2023-01-16,SSCC,Tangshan Hebei FOR,2348.0
2023-01-16,SSCC,Wuhai EXW,2025.0
2023-01-16,TC,GM DAP,700.0
2023-01-16,TC,Wuhai EXW,1031.0
2023-01-30,HCC,GM EXW #5 Jinquan ,1910.0
2023-01-30,HCC,GM EXW #3,1700.0
2023-01-30,HCC,Baotou EXW,2361.0
2023-01-30,HCC,Tangshan Hebei FOR,2620.0
2023-01-30,HCC,Jingtang Australia EXW,2440.0
2023-01-30,HCC,Tianjin Australia EXW,2200.0
2023-01-30,SSCC,Tangshan Hebei FOR,2302.0
2023-01-30,SSCC,Wuhai EXW,2025.0
2023-01-30,TC,GM DAP,700.0
2023-01-30,TC,Wuhai EXW,1031.0
2023-02-06,HCC,GM EXW #5 Jinquan ,1910.0
2023-02-06,HCC,GM EXW #3,1750.0
2023-02-06,HCC,Baotou EXW,2361.0
2023-02-06,HCC,Tangshan Hebei FOR,2570.0
2023-02-06,HCC,Jingtang Australia EXW,2440.0
2023-02-06,HCC,Tianjin Australia EXW,2200.0
2023-02-06,SSCC,Tangshan Hebei FOR,2257.0
2023-02-06,SSCC,Wuhai EXW,2025.0
2023-02-06,TC,GM DAP,700.0
2023-02-06,TC,Wuhai EXW,1016.0
2023-02-13,HCC,GM EXW #5 Jinquan ,1910.0
2023-02-13,HCC,GM EXW #3,1750.0
2023-02-13,HCC,Baotou EXW,2323.0
2023-02-13,HCC,Tangshan Hebei FOR,2580.0
2023-02-13,HCC,Jingtang Australia EXW,2440.0
2023-02-13,HCC,Tianjin Australia EXW,2222.0
2023-02-13,SSCC,Tangshan Hebei FOR,2257.0
2023-02-13,SSCC,Wuhai EXW,1992.0
2023-02-13,TC,GM DAP,700.0
2023-02-13,TC,Wuhai EXW,900.0
2023-02-20,HCC,GM EXW #5 Jinquan ,1930.0
2023-02-20,HCC,GM EXW #3,1750.0
2023-02-20,HCC,Baotou EXW,2323.0
2023-02-20,HCC,Tangshan Hebei FOR,2580.0
2023-02-20,HCC,Jingtang Australia EXW,2440.0
2023-02-20,HCC,Tianjin Australia EXW,2200.0
2023-02-20,SSCC,Tangshan Hebei FOR,2257.0
2023-02-20,SSCC,Wuhai EXW,1992.0
2023-02-20,TC,GM DAP,700.0
2023-02-20,TC,Wuhai EXW,828.0
2023-02-27,HCC,GM EXW #5 Jinquan ,2000.0
2023-02-27,HCC,GM EXW #3,1850.0
2023-02-27,HCC,Baotou EXW,2487.0
2023-02-27,HCC,Tangshan Hebei FOR,2580.0
2023-02-27,HCC,Jingtang Australia EXW,2590.0
2023-02-27,HCC,Tianjin Australia EXW,2350.0
2023-02-27,SSCC,Tangshan Hebei FOR,2257.0
2023-02-27,SSCC,Wuhai EXW,2133.0
2023-02-27,TC,GM DAP,700.0
2023-02-27,TC,Wuhai EXW,975.0
2023-03-06,HCC,GM EXW #5 Jinquan ,2150.0
2023-03-06,HCC,GM EXW #3,1900.0
2023-03-06,HCC,Baotou EXW,2550.0
2023-03-06,HCC,Tangshan Hebei FOR,2630.0
2023-03-06,HCC,Jingtang Australia EXW,2670.0
2023-03-06,HCC,Tianjin Australia EXW,2430.0
2023-03-06,SSCC,Tangshan Hebei FOR,2302.0
2023-03-06,SSCC,Wuhai EXW,2187.0
2023-03-06,TC,GM DAP,720.0
2023-03-06,TC,Wuhai EXW,940.0
2023-03-13,HCC,GM EXW #5 Jinquan ,2150.0
2023-03-13,HCC,GM EXW #3,1900.0
2023-03-13,HCC,Baotou EXW,2550.0
2023-03-13,HCC,Tangshan Hebei FOR,2630.0
2023-03-13,HCC,Jingtang Australia EXW,2670.0
2023-03-13,HCC,Tianjin Australia EXW,2430.0
2023-03-13,SSCC,Tangshan Hebei FOR,2302.0
2023-03-13,SSCC,Wuhai EXW,2187.0
2023-03-13,TC,GM DAP,720.0
2023-03-13,TC,Wuhai EXW,936.0
2023-03-20,HCC,GM EXW #5 Jinquan ,2100.0
2023-03-20,HCC,GM EXW #3,1870.0
2023-03-20,HCC,Baotou EXW,2424.0
2023-03-20,HCC,Tangshan Hebei FOR,2630.0
2023-03-20,HCC,Jingtang Australia EXW,2610.0
2023-03-20,HCC,Tianjin Australia EXW,2370.0
2023-03-20,SSCC,Tangshan Hebei FOR,2302.0
2023-03-20,SSCC,Wuhai EXW,2079.0
2023-03-20,TC,GM DAP,720.0
2023-03-20,TC,Wuhai EXW,930.0
2023-03-27,HCC,GM EXW #5 Jinquan ,1950.0
2023-03-27,HCC,GM EXW #3,1830.0
2023-03-27,HCC,Baotou EXW,2361.0
2023-03-27,HCC,Tangshan Hebei FOR,2630.0
2023-03-27,HCC,Jingtang Australia EXW,2540.0
2023-03-27,HCC,Tianjin Australia EXW,2230.0
2023-03-27,SSCC,Tangshan Hebei FOR,2302.0
2023-03-27,SSCC,Wuhai EXW,2025.0
2023-03-27,TC,GM DAP,720.0
2023-03-27,TC,Wuhai EXW,905.0
2023-04-03,HCC,GM EXW #5 Jinquan ,1900.0
2023-04-03,HCC,GM EXW #3,1750.0
2023-04-03,HCC,Baotou EXW,2235.0
2023-04-03,HCC,Tangshan Hebei FOR,2630.0
2023-04-03,HCC,Jingtang Australia EXW,2470.0
2023-04-03,HCC,Tianjin Australia EXW,2230.0
2023-04-03,SSCC,Tangshan Hebei FOR,2302.0
2023-04-03,SSCC,Wuhai EXW,1917.0
2023-04-03,TC,GM DAP,720.0
2023-04-03,TC,Wuhai EXW,882.0
2023-04-10,HCC,GM EXW #5 Jinquan ,1750.0
2023-04-10,HCC,GM EXW #3,1700.0
2023-04-10,HCC,Baotou EXW,2172.0
2023-04-10,HCC,Tangshan Hebei FOR,2630.0
2023-04-10,HCC,Jingtang Australia EXW,2470.0
2023-04-10,HCC,Tianjin Australia EXW,2230.0
2023-04-10,SSCC,Tangshan Hebei FOR,2302.0
2023-04-10,SSCC,Wuhai EXW,1863.0
2023-04-10,TC,GM DAP,720.0
2023-04-10,TC,Wuhai EXW,858.0
2023-04-17,HCC,GM EXW #5 Jinquan ,1680.0
2023-04-17,HCC,GM EXW #3,1700.0
2023-04-17,HCC,Baotou EXW,2172.0
2023-04-17,HCC,Tangshan Hebei FOR,2630.0
2023-04-17,HCC,Jingtang Australia EXW,2320.0
2023-04-17,HCC,Tianjin Australia EXW,2070.0
2023-04-17,SSCC,Tangshan Hebei FOR,2302.0
2023-04-17,SSCC,Wuhai EXW,1863.0
2023-04-17,TC,GM DAP,710.0
2023-04-17,TC,Wuhai EXW,836.0
2023-04-24,HCC,GM EXW #5 Jinquan ,1650.0
2023-04-24,HCC,GM EXW #3,1580.0
2023-04-24,HCC,Baotou EXW,2046.0
2023-04-24,HCC,Tangshan Hebei FOR,2270.0
2023-04-24,HCC,Jingtang Australia EXW,2090.0
2023-04-24,HCC,Tianjin Australia EXW,1860.0
2023-04-24,SSCC,Tangshan Hebei FOR,1975.0
2023-04-24,SSCC,Wuhai EXW,1755.0
2023-04-24,TC,GM DAP,710.0
2023-04-24,TC,Wuhai EXW,830.0
2023-05-01,HCC,GM EXW #5 Jinquan ,1570.0
2023-05-01,HCC,GM EXW #3,1500.0
2023-05-01,HCC,Baotou EXW,1920.0
2023-05-01,HCC,Tangshan Hebei FOR,2170.0
2023-05-01,HCC,Jingtang Australia EXW,1900.0
2023-05-01,HCC,Tianjin Australia EXW,1760.0
2023-05-01,SSCC,Tangshan Hebei FOR,1884.0
2023-05-01,SSCC,Wuhai EXW,1647.0
2023-05-01,TC,GM DAP,680.0
2023-05-01,TC,Wuhai EXW,823.0
2023-05-08,HCC,GM EXW #5 Jinquan ,1520.0
2023-05-08,HCC,GM EXW #3,1500.0
2023-05-08,HCC,Baotou EXW,1857.0
2023-05-08,HCC,Tangshan Hebei FOR,1960.0
2023-05-08,HCC,Jingtang Australia EXW,1840.0
2023-05-08,HCC,Tianjin Australia EXW,1610.0
2023-05-08,SSCC,Tangshan Hebei FOR,1693.0
2023-05-08,SSCC,Wuhai EXW,1592.0
2023-05-08,TC,GM DAP,680.0
2023-05-08,TC,Wuhai EXW,822.0
2023-05-15,HCC,GM EXW #5 Jinquan ,1420.0
2023-05-15,HCC,GM EXW #3,1450.0
2023-05-15,HCC,Baotou EXW,1731.0
2023-05-15,HCC,Tangshan Hebei FOR,1810.0
2023-05-15,HCC,Jingtang Australia EXW,1790.0
2023-05-15,HCC,Tianjin Australia EXW,1560.0
2023-05-15,SSCC,Tangshan Hebei FOR,1556.0
2023-05-15,SSCC,Wuhai EXW,1484.0
2023-05-15,TC,GM DAP,680.0
2023-05-15,TC,Wuhai EXW,796.0
2023-05-22,HCC,GM EXW #5 Jinquan ,1430.0
2023-05-22,HCC,GM EXW #3,1450.0
2023-05-22,HCC,Baotou EXW,1731.0
2023-05-22,HCC,Tangshan Hebei FOR,1710.0
2023-05-22,HCC,Jingtang Australia EXW,1790.0
2023-05-22,HCC,Tianjin Australia EXW,1560.0
2023-05-22,SSCC,Tangshan Hebei FOR,1465.0
2023-05-22,SSCC,Wuhai EXW,1484.0
2023-05-22,TC,GM DAP,680.0
2023-05-22,TC,Wuhai EXW,787.0
2023-05-29,HCC,GM EXW #5 Jinquan ,1450.0
2023-05-29,HCC,GM EXW #3,1450.0
2023-05-29,HCC,Baotou EXW,1731.0
2023-05-29,HCC,Tangshan Hebei FOR,1710.0
2023-05-29,HCC,Jingtang Australia EXW,1790.0
2023-05-29,HCC,Tianjin Australia EXW,1570.0
2023-05-29,SSCC,Tangshan Hebei FOR,1465.0
2023-05-29,SSCC,Wuhai EXW,1484.0
2023-05-29,TC,GM DAP,630.0
2023-05-29,TC,Wuhai EXW,720.0
2023-06-05,HCC,GM EXW #5 Jinquan ,1350.0
2023-06-05,HCC,GM EXW #3,1300.0
2023-06-05,HCC,Baotou EXW,1605.0
2023-06-05,HCC,Tangshan Hebei FOR,1710.0
2023-06-05,HCC,Jingtang Australia EXW,1720.0
2023-06-05,HCC,Tianjin Australia EXW,1520.0
2023-06-05,SSCC,Tangshan Hebei FOR,1465.0
2023-06-05,SSCC,Wuhai EXW,1376.0
2023-06-05,TC,GM DAP,600.0
2023-06-05,TC,Wuhai EXW,600.0
2023-06-12,HCC,GM EXW #5 Jinquan ,1320.0
2023-06-12,HCC,GM EXW #3,1200.0
2023-06-12,HCC,Baotou EXW,1542.0
2023-06-12,HCC,Tangshan Hebei FOR,1710.0
2023-06-12,HCC,Jingtang Australia EXW,1690.0
2023-06-12,HCC,Tianjin Australia EXW,1500.0
2023-06-12,SSCC,Tangshan Hebei FOR,1465.0
2023-06-12,SSCC,Wuhai EXW,1322.0
2023-06-12,TC,GM DAP,600.0
2023-06-12,TC,Wuhai EXW,598.0
2023-06-19,HCC,GM EXW #5 Jinquan ,1350.0
2023-06-19,HCC,GM EXW #3,1350.0
2023-06-19,HCC,Baotou EXW,1731.0
2023-06-19,HCC,Tangshan Hebei FOR,1710.0
2023-06-19,HCC,Jingtang Australia EXW,1820.0
2023-06-19,HCC,Tianjin Australia EXW,1630.0
2023-06-19,SSCC,Tangshan Hebei FOR,1465.0
2023-06-19,SSCC,Wuhai EXW,1484.0
2023-06-19,TC,GM DAP,600.0
2023-06-19,TC,Wuhai EXW,615.0
2023-06-26,HCC,GM EXW #5 Jinquan ,1450.0
2023-06-26,HCC,GM EXW #3,1290.0
2023-06-26,HCC,Baotou EXW,1731.0
2023-06-26,HCC,Tangshan Hebei FOR,1820.0
2023-06-26,HCC,Jingtang Australia EXW,1840.0
2023-06-26,HCC,Tianjin Australia EXW,1650.0
2023-06-26,SSCC,Tangshan Hebei FOR,1565.0
2023-06-26,SSCC,Wuhai EXW,1484.0
2023-06-26,TC,GM DAP,600.0
2023-06-26,TC,Wuhai EXW,650.0
2023-07-03,HCC,GM EXW #5 Jinquan ,1450.0
2023-07-03,HCC,GM EXW #3,1260.0
2023-07-03,HCC,Baotou EXW,1731.0
2023-07-03,HCC,Tangshan Hebei FOR,1820.0
2023-07-03,HCC,Jingtang Australia EXW,1840.0
2023-07-03,HCC,Tianjin Australia EXW,1650.0
2023-07-03,SSCC,Tangshan Hebei FOR,1565.0
2023-07-03,SSCC,Wuhai EXW,1484.0
2023-07-03,TC,GM DAP,605.0
2023-07-03,TC,Wuhai EXW,660.0
2023-07-10,HCC,GM EXW #5 Jinquan ,1420.0
2023-07-10,HCC,GM EXW #3,1280.0
2023-07-10,HCC,Baotou EXW,1769.0
2023-07-10,HCC,Tangshan Hebei FOR,1820.0
2023-07-10,HCC,Jingtang Australia EXW,1840.0
2023-07-10,HCC,Tianjin Australia EXW,1620.0
2023-07-10,SSCC,Tangshan Hebei FOR,1565.0
2023-07-10,SSCC,Wuhai EXW,1484.0
2023-07-10,TC,GM DAP,611.0
2023-07-10,TC,Wuhai EXW,708.0
2023-07-17,HCC,GM EXW #5 Jinquan ,1480.0
2023-07-17,HCC,GM EXW #3,1360.0
2023-07-17,HCC,Baotou EXW,1794.0
2023-07-17,HCC,Tangshan Hebei FOR,1900.0
2023-07-17,HCC,Jingtang Australia EXW,1870.0
2023-07-17,HCC,Tianjin Australia EXW,1680.0
2023-07-17,SSCC,Tangshan Hebei FOR,1638.0
2023-07-17,SSCC,Wuhai EXW,1538.0
2023-07-17,TC,GM DAP,626.0
2023-07-17,TC,Wuhai EXW,707.0
2023-07-24,HCC,GM EXW #5 Jinquan ,1550.0
2023-07-24,HCC,GM EXW #3,1460.0
2023-07-24,HCC,Baotou EXW,1920.0
2023-07-24,HCC,Tangshan Hebei FOR,2030.0
2023-07-24,HCC,Jingtang Australia EXW,2030.0
2023-07-24,HCC,Tianjin Australia EXW,1840.0
2023-07-24,SSCC,Tangshan Hebei FOR,1756.0
2023-07-24,SSCC,Wuhai EXW,1647.0
2023-07-24,TC,GM DAP,626.0
2023-07-24,TC,Wuhai EXW,720.0
2023-07-31,HCC,GM EXW #5 Jinquan ,1620.0
2023-07-31,HCC,GM EXW #3,1460.0
2023-07-31,HCC,Baotou EXW,1920.0
2023-07-31,HCC,Tangshan Hebei FOR,2030.0
2023-07-31,HCC,Jingtang Australia EXW,2100.0
2023-07-31,HCC,Tianjin Australia EXW,1910.0
2023-07-31,SSCC,Tangshan Hebei FOR,1756.0
2023-07-31,SSCC,Wuhai EXW,1647.0
2023-07-31,TC,GM DAP,626.0
2023-07-31,TC,Wuhai EXW,718.0
2023-08-07,HCC,GM EXW #5 Jinquan ,1620.0
2023-08-07,HCC,GM EXW #3,1480.0
2023-08-07,HCC,Baotou EXW,1983.0
2023-08-07,HCC,Tangshan Hebei FOR,2030.0
2023-08-07,HCC,Jingtang Australia EXW,2100.0
2023-08-07,HCC,Tianjin Australia EXW,1910.0
2023-08-07,SSCC,Tangshan Hebei FOR,1756.0
2023-08-07,SSCC,Wuhai EXW,1701.0
2023-08-07,TC,GM DAP,620.0
2023-08-07,TC,Wuhai EXW,706.0
2023-08-14,HCC,GM EXW #5 Jinquan ,1690.0
2023-08-14,HCC,GM EXW #3,1480.0
2023-08-14,HCC,Baotou EXW,1958.0
2023-08-14,HCC,Tangshan Hebei FOR,2100.0
2023-08-14,HCC,Jingtang Australia EXW,2130.0
2023-08-14,HCC,Tianjin Australia EXW,1940.0
2023-08-14,SSCC,Tangshan Hebei FOR,1820.0
2023-08-14,SSCC,Wuhai EXW,1679.0
2023-08-14,TC,GM DAP,620.0
2023-08-14,TC,Wuhai EXW,698.0
2023-08-21,HCC,GM EXW #5 Jinquan ,1660.0
2023-08-21,HCC,GM EXW #3,1480.0
2023-08-21,HCC,Baotou EXW,1920.0
2023-08-21,HCC,Tangshan Hebei FOR,2100.0
2023-08-21,HCC,Jingtang Australia EXW,2110.0
2023-08-21,HCC,Tianjin Australia EXW,1920.0
2023-08-21,SSCC,Tangshan Hebei FOR,1820.0
2023-08-21,SSCC,Wuhai EXW,1647.0
2023-08-21,TC,GM DAP,620.0
2023-08-21,TC,Wuhai EXW,680.0
2023-08-28,HCC,GM EXW #5 Jinquan ,1660.0
2023-08-28,HCC,GM EXW #3,1480.0
2023-08-28,HCC,Baotou EXW,1857.0
2023-08-28,HCC,Tangshan Hebei FOR,2020.0
2023-08-28,HCC,Jingtang Australia EXW,2090.0
2023-08-28,HCC,Tianjin Australia EXW,1900.0
2023-08-28,SSCC,Tangshan Hebei FOR,1747.0
2023-08-28,SSCC,Wuhai EXW,1592.0
2023-08-28,TC,GM DAP,620.0
2023-08-28,TC,Wuhai EXW,690.0
2023-09-04,HCC,GM EXW #5 Jinquan ,1680.0
2023-09-04,HCC,GM EXW #3,1480.0
2023-09-04,HCC,Baotou EXW,1794.0
2023-09-04,HCC,Tangshan Hebei FOR,2020.0
2023-09-04,HCC,Jingtang Australia EXW,2090.0
2023-09-04,HCC,Tianjin Australia EXW,1900.0
2023-09-04,SSCC,Tangshan Hebei FOR,1747.0
2023-09-04,SSCC,Wuhai EXW,1538.0
2023-09-04,TC,GM DAP,620.0
2023-09-04,TC,Wuhai EXW,717.0
2023-09-11,HCC,GM EXW #5 Jinquan ,1750.0
2023-09-11,HCC,GM EXW #3,1570.0
2023-09-11,HCC,Baotou EXW,1857.0
2023-09-11,HCC,Tangshan Hebei FOR,2100.0
2023-09-11,HCC,Jingtang Australia EXW,2170.0
2023-09-11,HCC,Tianjin Australia EXW,1980.0
2023-09-11,SSCC,Tangshan Hebei FOR,1820.0
2023-09-11,SSCC,Wuhai EXW,1592.0
2023-09-11,TC,GM DAP,620.0
2023-09-11,TC,Wuhai EXW,735.0
2023-09-18,HCC,GM EXW #5 Jinquan ,1750.0
2023-09-18,HCC,GM EXW #3,1650.0
2023-09-18,HCC,Baotou EXW,1983.0
2023-09-18,HCC,Tangshan Hebei FOR,2180.0
2023-09-18,HCC,Jingtang Australia EXW,2270.0
2023-09-18,HCC,Tianjin Australia EXW,2080.0
2023-09-18,SSCC,Tangshan Hebei FOR,1893.0
2023-09-18,SSCC,Wuhai EXW,1701.0
2023-09-18,TC,GM DAP,650.0
2023-09-18,TC,Wuhai EXW,774.0
2023-09-25,HCC,GM EXW #5 Jinquan ,1750.0
2023-09-25,HCC,GM EXW #3,1700.0
2023-09-25,HCC,Baotou EXW,2147.0
2023-09-25,HCC,Tangshan Hebei FOR,2330.0
2023-09-25,HCC,Jingtang Australia EXW,2330.0
2023-09-25,HCC,Tianjin Australia EXW,2140.0
2023-09-25,SSCC,Tangshan Hebei FOR,2029.0
2023-09-25,SSCC,Wuhai EXW,1841.0
2023-09-25,TC,GM DAP,670.0
2023-09-25,TC,Wuhai EXW,841.0
2023-10-02,HCC,GM EXW #5 Jinquan ,1750.0
2023-10-02,HCC,GM EXW #3,1750.0
2023-10-02,HCC,Baotou EXW,2147.0
2023-10-02,HCC,Tangshan Hebei FOR,2330.0
2023-10-02,HCC,Jingtang Australia EXW,2350.0
2023-10-02,HCC,Tianjin Australia EXW,2160.0
2023-10-02,SSCC,Tangshan Hebei FOR,2029.0
2023-10-02,SSCC,Wuhai EXW,1841.0
2023-10-02,TC,GM DAP,670.0
2023-10-02,TC,Wuhai EXW,831.0
2023-10-09,HCC,GM EXW #5 Jinquan ,2000.0
2023-10-09,HCC,GM EXW #3,1780.0
2023-10-09,HCC,Baotou EXW,2109.0
2023-10-09,HCC,Tangshan Hebei FOR,2360.0
2023-10-09,HCC,Jingtang Australia EXW,2390.0
2023-10-09,HCC,Tianjin Australia EXW,2395.0
2023-10-09,SSCC,Tangshan Hebei FOR,2057.0
2023-10-09,SSCC,Wuhai EXW,1809.0
2023-10-09,TC,GM DAP,670.0
2023-10-09,TC,Wuhai EXW,862.0
2023-10-16,HCC,GM EXW #5 Jinquan ,1950.0
2023-10-16,HCC,GM EXW #3,1820.0
2023-10-16,HCC,Baotou EXW,2109.0
2023-10-16,HCC,Tangshan Hebei FOR,2360.0
2023-10-16,HCC,Jingtang Australia EXW,2390.0
2023-10-16,HCC,Tianjin Australia EXW,2395.0
2023-10-16,SSCC,Tangshan Hebei FOR,2057.0
2023-10-16,SSCC,Wuhai EXW,1809.0
2023-10-16,TC,GM DAP,670.0
2023-10-16,TC,Wuhai EXW,858.0
2023-10-23,HCC,GM EXW #5 Jinquan ,1900.0
2023-10-23,HCC,GM EXW #3,1750.0
2023-10-23,HCC,Baotou EXW,2046.0
2023-10-23,HCC,Tangshan Hebei FOR,2360.0
2023-10-23,HCC,Jingtang Australia EXW,2370.0
2023-10-23,HCC,Tianjin Australia EXW,2370.0
2023-10-23,SSCC,Tangshan Hebei FOR,2057.0
2023-10-23,SSCC,Wuhai EXW,1755.0
2023-10-23,TC,GM DAP,670.0
2023-10-23,TC,Wuhai EXW,853.0
2023-10-30,HCC,GM EXW #5 Jinquan ,1900.0
2023-10-30,HCC,GM EXW #3,1730.0
2023-10-30,HCC,Baotou EXW,2046.0
2023-10-30,HCC,Tangshan Hebei FOR,2360.0
2023-10-30,HCC,Jingtang Australia EXW,2340.0
2023-10-30,HCC,Tianjin Australia EXW,2335.0
2023-10-30,SSCC,Tangshan Hebei FOR,2057.0
2023-10-30,SSCC,Wuhai EXW,1755.0
2023-10-30,TC,GM DAP,670.0
2023-10-30,TC,Wuhai EXW,826.0
2023-11-06,HCC,GM EXW #5 Jinquan ,1930.0
2023-11-06,HCC,GM EXW #3,1750.0
2023-11-06,HCC,Baotou EXW,2084.0
2023-11-06,HCC,Tangshan Hebei FOR,2360.0
2023-11-06,HCC,Jingtang Australia EXW,2340.0
2023-11-06,HCC,Tianjin Australia EXW,2335.0
2023-11-06,SSCC,Tangshan Hebei FOR,2057.0
2023-11-06,SSCC,Wuhai EXW,1787.0
2023-11-06,TC,GM DAP,670.0
2023-11-06,TC,Wuhai EXW,771.0
2023-11-13,HCC,GM EXW #5 Jinquan ,1950.0
2023-11-13,HCC,GM EXW #3,1850.0
2023-11-13,HCC,Baotou EXW,2235.0
2023-11-13,HCC,Tangshan Hebei FOR,2230.0
2023-11-13,HCC,Jingtang Australia EXW,2490.0
2023-11-13,HCC,Tianjin Australia EXW,2485.0
2023-11-13,SSCC,Tangshan Hebei FOR,1956.5
2023-11-13,SSCC,Wuhai EXW,1916.75
2023-11-13,TC,GM DAP,670.0
2023-11-13,TC,Wuhai EXW,793.0
2023-11-20,HCC,GM EXW #5 Jinquan ,2100.0
2023-11-20,HCC,GM EXW #3,1880.0
2023-11-20,HCC,Baotou EXW,2361.0
2023-11-20,HCC,Tangshan Hebei FOR,2420.0
2023-11-20,HCC,Jingtang Australia EXW,2560.0
2023-11-20,HCC,Tianjin Australia EXW,2555.0
2023-11-20,SSCC,Tangshan Hebei FOR,2111.2
2023-11-20,SSCC,Wuhai EXW,2024.85
2023-11-20,TC,GM DAP,670.0
2023-11-20,TC,Wuhai EXW,794.0
2023-11-27,HCC,GM EXW #5 Jinquan ,2100.0
2023-11-27,HCC,GM EXW #3,1940.0
2023-11-27,HCC,Baotou EXW,2361.0
2023-11-27,HCC,Tangshan Hebei FOR,2420.0
2023-11-27,HCC,Jingtang Australia EXW,2640.0
2023-11-27,HCC,Tianjin Australia EXW,2635.0
2023-11-27,SSCC,Tangshan Hebei FOR,2111.2
2023-11-27,SSCC,Wuhai EXW,2024.85
2023-11-27,TC,GM DAP,670.0
2023-11-27,TC,Wuhai EXW,791.0
2023-12-04,HCC,GM EXW #5 Jinquan ,2120.0
2023-12-04,HCC,GM EXW #3,1900.0
2023-12-04,HCC,Baotou EXW,2361.0
2023-12-04,HCC,Tangshan Hebei FOR,2520.0
2023-12-04,HCC,Jingtang Australia EXW,2670.0
2023-12-04,HCC,Tianjin Australia EXW,2665.0
2023-12-04,SSCC,Tangshan Hebei FOR,2202.2
2023-12-04,SSCC,Wuhai EXW,2024.85
2023-12-04,TC,GM DAP,670.0
2023-12-04,TC,Wuhai EXW,770.0
2023-12-11,HCC,GM EXW #5 Jinquan ,2120.0
2023-12-11,HCC,GM EXW #3,1880.0
2023-12-11,HCC,Baotou EXW,2361.0
2023-12-11,HCC,Tangshan Hebei FOR,2620.0
2023-12-11,HCC,Jingtang Australia EXW,2660.0
2023-12-11,HCC,Tianjin Australia EXW,2655.0
2023-12-11,SSCC,Tangshan Hebei FOR,2293.2
2023-12-11,SSCC,Wuhai EXW,2024.85
2023-12-11,TC,GM DAP,670.0
2023-12-11,TC,Wuhai EXW,769.0
2023-12-18,HCC,GM EXW #5 Jinquan ,2080.0
2023-12-18,HCC,GM EXW #3,1850.0
2023-12-18,HCC,Baotou EXW,2361.0
2023-12-18,HCC,Tangshan Hebei FOR,2620.0
2023-12-18,HCC,Jingtang Australia EXW,2670.0
2023-12-18,HCC,Tianjin Australia EXW,2655.0
2023-12-18,SSCC,Tangshan Hebei FOR,2293.2
2023-12-18,SSCC,Wuhai EXW,2024.85
2023-12-18,TC,GM DAP,670.0
2023-12-18,TC,Wuhai EXW,772.0
2023-12-25,HCC,GM EXW #5 Jinquan ,2050.0
2023-12-25,HCC,GM EXW #3,1820.0
2023-12-25,HCC,Baotou EXW,2323.2
2023-12-25,HCC,Tangshan Hebei FOR,2620.0
2023-12-25,HCC,Jingtang Australia EXW,2690.0
2023-12-25,HCC,Tianjin Australia EXW,2685.0
2023-12-25,SSCC,Tangshan Hebei FOR,2293.2
2023-12-25,SSCC,Wuhai EXW,1992.42
2023-12-25,TC,GM DAP,670.0
2023-12-25,TC,Wuhai EXW,765.0
2024-01-01,HCC,GM EXW #5 Jinquan ,2030.0
2024-01-01,HCC,GM EXW #3,1780.0
2024-01-01,HCC,Baotou EXW,2298.0
2024-01-01,HCC,Tangshan Hebei FOR,2620.0
2024-01-01,HCC,Jingtang Australia EXW,2650.0
2024-01-01,HCC,Tianjin Australia EXW,2645.0
2024-01-01,SSCC,Tangshan Hebei FOR,2293.2
2024-01-01,SSCC,Wuhai EXW,1970.8
2024-01-01,TC,GM DAP,670.0
2024-01-01,TC,Wuhai EXW,758.0
2024-01-08,HCC,GM EXW #5 Jinquan ,1930.0
2024-01-08,HCC,GM EXW #3,1750.0
2024-01-08,HCC,Baotou EXW,2272.8
2024-01-08,HCC,Tangshan Hebei FOR,2620.0
2024-01-08,HCC,Jingtang Australia EXW,2650.0
2024-01-08,HCC,Tianjin Australia EXW,2645.0
2024-01-08,SSCC,Tangshan Hebei FOR,2293.2
2024-01-08,SSCC,Wuhai EXW,1949.18
2024-01-08,TC,GM DAP,670.0
2024-01-08,TC,Wuhai EXW,754.0
2024-01-15,HCC,GM EXW #5 Jinquan ,1880.0
2024-01-15,HCC,GM EXW #3,1680.0
2024-01-15,HCC,Baotou EXW,2209.8
2024-01-15,HCC,Tangshan Hebei FOR,2530.0
2024-01-15,HCC,Jingtang Australia EXW,2630.0
2024-01-15,HCC,Tianjin Australia EXW,2625.0
2024-01-15,SSCC,Tangshan Hebei FOR,2211.3
2024-01-15,SSCC,Wuhai EXW,1895.13
2024-01-15,TC,GM DAP,670.0
2024-01-15,TC,Wuhai EXW,740.0
2024-01-22,HCC,GM EXW #5 Jinquan ,1900.0
2024-01-22,HCC,GM EXW #3,1730.0
2024-01-22,HCC,Baotou EXW,2209.8
2024-01-22,HCC,Tangshan Hebei FOR,2530.0
2024-01-22,HCC,Jingtang Australia EXW,2590.0
2024-01-22,HCC,Tianjin Australia EXW,2585.0
2024-01-22,SSCC,Tangshan Hebei FOR,2211.3
2024-01-22,SSCC,Wuhai EXW,1895.13
2024-01-22,TC,GM DAP,670.0
2024-01-22,TC,Wuhai EXW,735.0
2024-01-29,HCC,GM EXW #5 Jinquan ,1850.0
2024-01-29,HCC,GM EXW #3,1780.0
2024-01-29,HCC,Baotou EXW,2209.8
2024-01-29,HCC,Tangshan Hebei FOR,2530.0
2024-01-29,HCC,Jingtang Australia EXW,2590.0
2024-01-29,HCC,Tianjin Australia EXW,2585.0
2024-01-29,SSCC,Tangshan Hebei FOR,2211.3
2024-01-29,SSCC,Wuhai EXW,1895.13
2024-01-29,TC,GM DAP,670.0
2024-01-29,TC,Wuhai EXW,731.0
2024-02-05,HCC,GM EXW #5 Jinquan ,1800.0
2024-02-05,HCC,GM EXW #3,1700.0
2024-02-05,HCC,Baotou EXW,2209.8
2024-02-05,HCC,Tangshan Hebei FOR,2420.0
2024-02-05,HCC,Jingtang Australia EXW,2590.0
2024-02-05,HCC,Tianjin Australia EXW,2585.0
2024-02-05,SSCC,Tangshan Hebei FOR,2111.2
2024-02-05,SSCC,Wuhai EXW,1895.13
2024-02-05,TC,GM DAP,670.0
2024-02-05,TC,Wuhai EXW,735.0
2024-02-12,HCC,GM EXW #5 Jinquan ,1800.0
2024-02-12,HCC,GM EXW #3,1700.0
2024-02-12,HCC,Baotou EXW,2209.8
2024-02-12,HCC,Tangshan Hebei FOR,2420.0
2024-02-12,HCC,Jingtang Australia EXW,2590.0
2024-02-12,HCC,Tianjin Australia EXW,2585.0
2024-02-12,SSCC,Tangshan Hebei FOR,2111.2
2024-02-12,SSCC,Wuhai EXW,1895.13
2024-02-12,TC,GM DAP,670.0
2024-02-12,TC,Wuhai EXW,735.0
2024-02-19,HCC,GM EXW #5 Jinquan ,1800.0
2024-02-19,HCC,GM EXW #3,1700.0
2024-02-19,HCC,Baotou EXW,2209.8
2024-02-19,HCC,Tangshan Hebei FOR,2420.0
2024-02-19,HCC,Jingtang Australia EXW,2590.0
2024-02-19,HCC,Tianjin Australia EXW,2585.0
2024-02-19,SSCC,Tangshan Hebei FOR,2111.2
2024-02-19,SSCC,Wuhai EXW,1895.13
2024-02-19,TC,GM DAP,670.0
2024-02-19,TC,Wuhai EXW,735.0
2024-02-26,HCC,GM EXW #5 Jinquan ,1800.0
2024-02-26,HCC,GM EXW #3,1700.0
2024-02-26,HCC,Baotou EXW,2209.8
2024-02-26,HCC,Tangshan Hebei FOR,2420.0
2024-02-26,HCC,Jingtang Australia EXW,2560.0
2024-02-26,HCC,Tianjin Australia EXW,2555.0
2024-02-26,SSCC,Tangshan Hebei FOR,2111.2
2024-02-26,SSCC,Wuhai EXW,1895.13
2024-02-26,TC,GM DAP,670.0
2024-02-26,TC,Wuhai EXW,746.0
